-- MySQL dump 10.13  Distrib 8.4.5, for Linux (x86_64)
--
-- Host: localhost    Database: utptrack
-- ------------------------------------------------------
-- Server version	8.4.5

/*!40101 SET @OLD_CHARACTER_SET_CLIENT=@@CHARACTER_SET_CLIENT */;
/*!40101 SET @OLD_CHARACTER_SET_RESULTS=@@CHARACTER_SET_RESULTS */;
/*!40101 SET @OLD_COLLATION_CONNECTION=@@COLLATION_CONNECTION */;
/*!50503 SET NAMES utf8 */;
/*!40103 SET @OLD_TIME_ZONE=@@TIME_ZONE */;
/*!40103 SET TIME_ZONE='+00:00' */;
/*!40014 SET @OLD_UNIQUE_CHECKS=@@UNIQUE_CHECKS, UNIQUE_CHECKS=0 */;
/*!40014 SET @OLD_FOREIGN_KEY_CHECKS=@@FOREIGN_KEY_CHECKS, FOREIGN_KEY_CHECKS=0 */;
/*!40101 SET @OLD_SQL_MODE=@@SQL_MODE, SQL_MODE='NO_AUTO_VALUE_ON_ZERO' */;
/*!40111 SET @OLD_SQL_NOTES=@@SQL_NOTES, SQL_NOTES=0 */;

--
-- Table structure for table `administradores`
--

DROP TABLE IF EXISTS `administradores`;
/*!40101 SET @saved_cs_client     = @@character_set_client */;
/*!50503 SET character_set_client = utf8mb4 */;
CREATE TABLE `administradores` (
  `id` varchar(36) COLLATE utf8mb4_general_ci NOT NULL,
  `nombre` varchar(100) COLLATE utf8mb4_general_ci NOT NULL,
  `email` varchar(100) COLLATE utf8mb4_general_ci NOT NULL,
  PRIMARY KEY (`id`),
  UNIQUE KEY `email` (`email`)
) ENGINE=InnoDB DEFAULT CHARSET=utf8mb4 COLLATE=utf8mb4_general_ci;
/*!40101 SET character_set_client = @saved_cs_client */;

--
-- Dumping data for table `administradores`
--

LOCK TABLES `administradores` WRITE;
/*!40000 ALTER TABLE `administradores` DISABLE KEYS */;
INSERT INTO `administradores` VALUES ('admin-id-1','Administrador UTPTrack','admin@utptrack.com');
/*!40000 ALTER TABLE `administradores` ENABLE KEYS */;
UNLOCK TABLES;

--
-- Table structure for table `egresados`
--

DROP TABLE IF EXISTS `egresados`;
/*!40101 SET @saved_cs_client     = @@character_set_client */;
/*!50503 SET character_set_client = utf8mb4 */;
CREATE TABLE `egresados` (
  `id` varchar(36) COLLATE utf8mb4_general_ci NOT NULL,
  `codigo_estudiante` varchar(10) COLLATE utf8mb4_general_ci NOT NULL,
  `nombre` varchar(100) COLLATE utf8mb4_general_ci NOT NULL,
  `edad` int DEFAULT NULL,
  `genero` varchar(255) COLLATE utf8mb4_general_ci DEFAULT NULL,
  `carrera` varchar(50) COLLATE utf8mb4_general_ci NOT NULL,
  `sede` varchar(30) COLLATE utf8mb4_general_ci DEFAULT NULL,
  `ano_graduacion` int NOT NULL,
  `estado_laboral` varchar(20) COLLATE utf8mb4_general_ci DEFAULT NULL,
  `habilidades_tecnicas` longtext CHARACTER SET utf8mb4 COLLATE utf8mb4_bin,
  `habilidades_blandas` longtext CHARACTER SET utf8mb4 COLLATE utf8mb4_bin,
  `telefono` varchar(20) COLLATE utf8mb4_general_ci DEFAULT NULL,
  `dni` varchar(8) COLLATE utf8mb4_general_ci DEFAULT NULL,
  `linkedin` longtext CHARACTER SET utf8mb4 COLLATE utf8mb4_bin,
  `tiene_2fa` tinyint(1) DEFAULT '0',
  `satisfaccion_formacion` int DEFAULT NULL,
  `tiempo_primer_empleo` int DEFAULT NULL,
  `created_at` datetime(6) DEFAULT NULL,
  `updated_at` datetime(6) DEFAULT NULL,
  `tiene2fa` bit(1) DEFAULT NULL,
  `apellido` varchar(255) COLLATE utf8mb4_general_ci DEFAULT NULL,
  `correo` varchar(255) COLLATE utf8mb4_general_ci DEFAULT NULL,
  `empresa` varchar(255) COLLATE utf8mb4_general_ci DEFAULT NULL,
  PRIMARY KEY (`id`),
  UNIQUE KEY `codigo_estudiante` (`codigo_estudiante`),
  CONSTRAINT `egresados_chk_1` CHECK (json_valid(`habilidades_tecnicas`)),
  CONSTRAINT `egresados_chk_2` CHECK (json_valid(`habilidades_blandas`)),
  CONSTRAINT `egresados_chk_3` CHECK (json_valid(`linkedin`))
) ENGINE=InnoDB DEFAULT CHARSET=utf8mb4 COLLATE=utf8mb4_general_ci;
/*!40101 SET character_set_client = @saved_cs_client */;

--
-- Dumping data for table `egresados`
--

LOCK TABLES `egresados` WRITE;
/*!40000 ALTER TABLE `egresados` DISABLE KEYS */;
INSERT INTO `egresados` VALUES ('001ccc25-1b8b-4112-8a81-93c4e352a39a','U16235855','Jose Antonio Donato Ramis Martorell',32,'M','Contabilidad','Arequipa',2021,'EMPLEADO','[\"Oracle\", \"C#\", \"Wordpress\", \"Vue.js\", \"Flask\", \"React Native\", \"JavaScript\", \"iOS\"]','[\"Comunicaciu00f3n efectiva\", \"Resoluciu00f3n de problemas\"]','+51 987 349 899','60873663','{\"connected\": true, \"url\": \"https://linkedin.com/in/jose-antonio-donato-ramis-martorell-316\"}',0,3,11,'2025-03-27 00:00:00.000000','2025-05-07 00:00:00.000000',NULL,NULL,NULL,NULL),('004bff82-abd4-4a8d-83ab-4ad16c8a6b59','U10226307','Carlos Company Mateu',33,'M','Ingeniería Electrónica','Trujillo',2015,'EMPLEADO','[\"Angular\", \"Machine Learning\", \"iOS\", \"React Native\", \"Figma\"]','[\"Pensamiento cru00edtico\", \"Autodisciplina\"]','+51 959 141 899','11432787','{\"connected\": true, \"url\": \"https://linkedin.com/in/carlos-company-mateu-269\"}',0,5,2,'2024-09-09 00:00:00.000000','2025-05-26 02:10:15.000000',NULL,NULL,NULL,NULL),('03c7a515-32a6-4b76-8ec6-6b0fd633e5c9','U15254902','Teodora de Carbó',39,'M','Ingeniería Mecánica','Trujillo',2020,'EMPLEADO','[\"SQL\", \"MATLAB\", \"C#\"]','[\"Mentoru00eda\", \"Empatu00eda\", \"Proactividad\", \"Adaptabilidad\", \"Autonomu00eda\", \"Comunicaciu00f3n efectiva\"]','+51 914 652 650','91497616','{\"connected\": true, \"url\": \"https://linkedin.com/in/teodora-de-carbu00f3-452\"}',1,3,5,'2024-12-22 00:00:00.000000','2025-05-07 00:00:00.000000',NULL,NULL,NULL,NULL),('04c9e750-dd32-428a-9168-f88cb9cf5f91','U20275899','Reinaldo Mancebo Arcos',37,'M','Turismo y Hotelería','Lima Sur',2024,'EMPLEADO','[\"iOS\", \"Spring Boot\", \"Civil 3D\", \"SAP\", \"SQL\"]','[\"Resiliencia\", \"Inteligencia emocional\", \"Autonomu00eda\", \"Delegaciu00f3n\", \"Empatu00eda\"]','+51 974 294 834','1243818','{\"connected\": true, \"url\": \"https://linkedin.com/in/reinaldo-mancebo-arcos-670\"}',0,5,14,'2025-03-24 00:00:00.000000','2025-05-07 00:00:00.000000',NULL,NULL,NULL,NULL),('140cdfd3-8835-4e4a-8bf3-c47a60819f6f','U13270343','Nidia Ricarda Ríos Arana',41,'M','Ingeniería Electrónica','Chiclayo',2015,'EMPLEADO','[\"Excel\", \"Flutter\", \"TypeScript\"]','[\"Gestiu00f3n de tiempo\", \"Creatividad\", \"Toma de decisiones\", \"Liderazgo\", \"Pensamiento cru00edtico\"]','+51 966 387 738','16942307','{\"connected\": true, \"url\": \"https://linkedin.com/in/nidia-ricarda-ru00edos-arana-936\"}',0,4,8,'2024-07-12 00:00:00.000000','2025-05-07 00:00:00.000000',NULL,NULL,NULL,NULL),('15d5c188-0ca4-48ee-9482-962be42b0345','U18236982','Íñigo Sandoval Peláez',43,'M','Ingeniería de Sistemas','Lima Centro',2024,'EMPLEADO','[\"Flask\", \".NET\", \"Power BI\"]','[\"Resiliencia\", \"Coaching\", \"Planificaciu00f3n\", \"Persuasiu00f3n\", \"Gestiu00f3n de tiempo\"]','+51 958 139 916','12410307','{\"connected\": true, \"url\": \"https://linkedin.com/in/u00edu00f1igo-sandoval-pelu00e1ez-514\"}',0,5,5,'2024-05-09 00:00:00.000000','2025-05-07 00:00:00.000000',NULL,NULL,NULL,NULL),('16469a9e-f192-428b-be9d-0ad01f8b0a66','U10233795','Manuela Giner',32,'F','Comunicaciones','Arequipa',2017,'EMPLEADO','[\"R\", \"Power BI\", \"iOS\", \"TypeScript\", \"Machine Learning\", \"SPSS\", \"Flutter\", \"Blender\"]','[\"Resiliencia\", \"Delegaciu00f3n\", \"Adaptabilidad\", \"Creatividad\", \"Resoluciu00f3n de problemas\"]','+51 923 563 700','59831384','{\"connected\": true, \"url\": \"https://linkedin.com/in/manuela-giner-735\"}',0,3,9,'2024-07-21 00:00:00.000000','2025-05-07 00:00:00.000000',NULL,NULL,NULL,NULL),('16d327f8-69e3-4ea2-b844-67acd427d5b2','U13242429','Florina Calista Cámara Escrivá',33,'F','Diseño Gráfico','Chiclayo',2015,'EMPLEADO','[\"Maya\", \"Flask\", \"Power BI\", \"Azure\", \"React Native\"]','[\"Proactividad\", \"Gestiu00f3n de tiempo\", \"Negociaciu00f3n\", \"Asertividad\"]','+51 956 858 754','92992167','{\"connected\": true, \"url\": \"https://linkedin.com/in/florina-calista-cu00e1mara-escrivu00e1-898\"}',0,1,13,'2024-05-23 00:00:00.000000','2025-05-07 00:00:00.000000',NULL,NULL,NULL,NULL),('24b4b414-0146-4bde-b753-18631c5ba77e','U16275698','Chus Uribe Simó',22,'M','Economía','Trujillo',2023,'EMPLEADO','[\".NET\", \"AutoCAD\", \"Tableau\", \"Machine Learning\", \"Figma\", \"Python\", \"Oracle\", \"Vue.js\"]','[\"Delegaciu00f3n\", \"Persuasiu00f3n\", \"Asertividad\", \"Autonomu00eda\", \"Pensamiento cru00edtico\", \"Resiliencia\"]','+51 971 732 873','75663295','{\"connected\": true, \"url\": \"https://linkedin.com/in/chus-uribe-simu00f3-496\"}',0,2,8,'2025-03-10 00:00:00.000000','2025-05-07 00:00:00.000000',NULL,NULL,NULL,NULL),('299dc48a-437a-4da2-aca1-2db4905150ed','U21258571','Ester Priscila Salas Vargas',27,'F','Ingeniería Ambiental','Chiclayo',2023,'desempleado','[\"C#\", \"Maya\", \"Figma\", \"Ilustrator\", \"iOS\"]','[\"Pensamiento cru00edtico\", \"Orientaciu00f3n al cliente\", \"Creatividad\", \"Proactividad\", \"Autonomu00eda\", \"Resiliencia\"]','+51 950 827 336','57276174','{\"connected\": true, \"url\": \"https://linkedin.com/in/ester-priscila-salas-vargas-214\"}',0,1,3,'2024-07-30 00:00:00.000000','2025-05-07 00:00:00.000000',NULL,NULL,NULL,NULL),('2d17178d-1f6d-451c-ab05-a2b9c6767bff','U15276473','Arturo Ramirez Pinilla',26,'M','Turismo y Hotelería','Arequipa',2017,'EMPLEADO','[\"Flutter\", \"Power BI\", \"Maya\", \"Vue.js\", \"PostgreSQL\", \"Android\", \"Flask\"]','[\"Negociaciu00f3n\", \"Proactividad\", \"Resiliencia\", \"Persuasiu00f3n\", \"Gestiu00f3n de tiempo\"]','+51 945 805 360','50622842','{\"connected\": true, \"url\": \"https://linkedin.com/in/arturo-ramirez-pinilla-908\"}',0,2,6,'2024-07-31 00:00:00.000000','2025-05-07 00:00:00.000000',NULL,NULL,NULL,NULL),('2e7a689f-0a39-40ce-82e6-94688511489c','U16294630','Juan José Salom Álvarez',31,'F','Administración','Chiclayo',2020,'desempleado','[\"C#\", \"Power BI\", \"Tableau\", \"Azure\", \"React Native\"]','[\"Resoluciu00f3n de problemas\", \"Autonomu00eda\"]','+51 910 871 944','94457890','{\"connected\": true, \"url\": \"https://linkedin.com/in/juan-josu00e9-salom-u00e1lvarez-463\"}',0,4,4,'2025-03-17 00:00:00.000000','2025-05-07 00:00:00.000000',NULL,NULL,NULL,NULL),('31c007e6-c249-4729-907d-2ee477d1c7c9','U10228978','Anselma Verónica Badía Cortés',31,'F','Ingeniería de Software','Lima Norte',2015,'EMPLEADO','[\"JavaScript\", \"Revit\", \"Figma\", \"React\"]','[\"Empatu00eda\", \"Negociaciu00f3n\", \"Resiliencia\"]','+51 983 491 890','21127198','{\"connected\": true, \"url\": \"https://linkedin.com/in/anselma-veru00f3nica-badu00eda-cortu00e9s-692\"}',0,5,14,'2024-12-16 00:00:00.000000','2025-05-07 00:00:00.000000',NULL,NULL,NULL,NULL),('3bdd4ff2-5d49-4672-bf8a-d06ce03cbfe5','U10247252','Josep Manzanares Verdú',40,'F','Ingeniería Ambiental','Lima Centro',2015,'desempleado','[\"Excel\", \"Node.js\", \"PostgreSQL\", \".NET\", \"JavaScript\", \"Flutter\", \"Azure\", \"MATLAB\"]','[\"Gestiu00f3n de tiempo\", \"Creatividad\"]','+51 928 411 462','94678746','{\"connected\": false, \"url\": null}',0,5,1,'2024-10-06 00:00:00.000000','2025-05-07 00:00:00.000000',NULL,NULL,NULL,NULL),('42cc9945-ba71-4e4c-ab66-2f3e1720f493','U20284011','Nieves María Jesús Carrera Castells',34,'M','Contabilidad','Arequipa',2024,'EMPLEADO','[\"Angular\", \"Ilustrator\", \"Wordpress\", \"Unity\"]','[\"Liderazgo\", \"Trabajo en equipo\", \"Resoluciu00f3n de problemas\", \"Gestiu00f3n del estru00e9s\", \"Pensamiento cru00edtico\", \"Manejo de conflictos\"]','+51 914 639 776','12976369','{\"connected\": true, \"url\": \"https://linkedin.com/in/nieves-maru00eda-jesu00fas-carrera-castells-416\"}',0,3,9,'2025-01-01 00:00:00.000000','2025-05-07 00:00:00.000000',NULL,NULL,NULL,NULL),('488147e6-e9ca-47a0-8a8b-477f82f7974c','U17229849','Lucho de Pintor',45,'M','Diseño Gráfico','Lima Norte',2023,'EMPLEADO','[\"Flutter\", \".NET\", \"SPSS\", \"Android\", \"Python\", \"Oracle\"]','[\"Planificaciu00f3n\", \"Manejo de conflictos\", \"Trabajo en equipo\", \"Gestiu00f3n del estru00e9s\"]','+51 966 950 376','22750139','{\"connected\": false, \"url\": null}',1,3,10,'2024-09-27 00:00:00.000000','2025-05-07 00:00:00.000000',NULL,NULL,NULL,NULL),('4cf73744-148f-4ee0-9230-506ed9f4cb23','U17253298','Américo Quevedo Nicolau',35,'M','Ingeniería Ambiental','Trujillo',2019,'EMPLEADO','[\"React\", \"SAP\", \"Power BI\", \"SPSS\", \"Oracle\"]','[\"Gestiu00f3n de tiempo\", \"Adaptabilidad\", \"Trabajo en equipo\", \"Delegaciu00f3n\", \"Resoluciu00f3n de problemas\"]','+51 912 610 927','14665841','{\"connected\": false, \"url\": null}',0,5,1,'2024-10-31 00:00:00.000000','2025-05-07 00:00:00.000000',NULL,NULL,NULL,NULL),('4d9d21d7-2807-4576-9428-4d7e5b59591c','U16212704','Íñigo Pinedo Bermúdez',30,'F','Psicología','Lima Sur',2021,'EMPLEADO','[\"Docker\", \"iOS\", \"AWS\", \"Kotlin\", \"Blender\", \"Tableau\"]','[\"Gestiu00f3n de tiempo\", \"Trabajo en equipo\", \"Toma de decisiones\"]','+51 940 600 559','74093639','{\"connected\": true, \"url\": \"https://linkedin.com/in/u00edu00f1igo-pinedo-bermu00fadez-737\"}',1,5,15,'2024-08-24 00:00:00.000000','2025-05-07 00:00:00.000000',NULL,NULL,NULL,NULL),('593e0985-15e7-4982-af5c-a131af3a19f0','U14297945','Olalla Piquer Polo',40,'M','Administración','Trujillo',2018,'desempleado','[\"TypeScript\", \"Wordpress\", \"Unity\", \"Android\"]','[\"Pensamiento cru00edtico\", \"Liderazgo\", \"Autodisciplina\", \"Comunicaciu00f3n efectiva\", \"Orientaciu00f3n al cliente\", \"Coaching\"]','+51 976 237 996','89078806','{\"connected\": true, \"url\": \"https://linkedin.com/in/olalla-piquer-polo-972\"}',1,1,4,'2024-09-05 00:00:00.000000','2025-05-07 00:00:00.000000',NULL,NULL,NULL,NULL),('599822d0-17bd-403e-896a-2dea7fc5bc44','U14238596','Ascensión Cerdá Mayo',44,'M','Economía','Lima Norte',2019,'EMPLEADO','[\"Git\", \"Tableau\", \"Photoshop\", \"Swift\", \"PostgreSQL\", \"JavaScript\", \"SQL\"]','[\"Autodisciplina\", \"Manejo de conflictos\"]','+51 976 421 433','908300','{\"connected\": true, \"url\": \"https://linkedin.com/in/ascensiu00f3n-cerdu00e1-mayo-548\"}',1,2,10,'2024-11-24 00:00:00.000000','2025-05-07 00:00:00.000000',NULL,NULL,NULL,NULL),('5bda2288-d5cf-4d32-9f7f-25b87c5a8841','U12243849','Alejo Madrid Sureda',33,'M','Ingeniería de Sistemas','Trujillo',2016,'EMPLEADO','[\"Maya\", \"Wordpress\", \"SQL\"]','[\"Resoluciu00f3n de problemas\", \"Planificaciu00f3n\"]','+51 958 429 521','93425200','{\"connected\": true, \"url\": \"https://linkedin.com/in/alejo-madrid-sureda-957\"}',1,4,1,'2025-02-24 00:00:00.000000','2025-06-28 01:49:45.539000',NULL,NULL,NULL,NULL),('5cff3a4d-6540-45fa-8aec-9d0d476f214d','U17288022','Maite Abad Mateu',25,'M','Comunicaciones','Lima Centro',2022,'EMPLEADO','[\"Vue.js\", \"Azure\", \"Maya\", \"MATLAB\"]','[\"Persuasiu00f3n\", \"Asertividad\", \"Orientaciu00f3n al cliente\", \"Adaptabilidad\", \"Toma de decisiones\"]','+51 910 228 787','38508907','{\"connected\": true, \"url\": \"https://linkedin.com/in/maite-abad-mateu-495\"}',1,2,5,'2024-12-09 00:00:00.000000','2025-05-07 00:00:00.000000',NULL,NULL,NULL,NULL),('63fc196e-f26c-4cf1-82af-976b1c29af5f','U10275006','Albano Llopis Hierro',35,'F','Psicología','Lima Centro',2015,'desempleado','[\"Python\", \"Power BI\", \"Photoshop\", \"AWS\", \"SPSS\"]','[\"Pensamiento cru00edtico\", \"Proactividad\", \"Creatividad\"]','+51 948 342 305','29958838','{\"connected\": true, \"url\": \"https://linkedin.com/in/albano-llopis-hierro-647\"}',0,2,16,'2025-03-02 00:00:00.000000','2025-05-07 00:00:00.000000',NULL,NULL,NULL,NULL),('652b6b58-930b-46b9-809a-c62bdff6537c','U11248472','Trini Araujo Bayona',37,'M','Derecho','Lima Sur',2016,'EMPLEADO','[\"Análisis Jurídico\", \"Investigación Legal:\", \"Redacción de Documentos Legales\"]','[\"Inteligencia emocional\", \"Resiliencia\"]','+51 956 408 563','31510328','{\"connected\": false, \"url\": null}',0,4,15,'2024-09-09 00:00:00.000000','2025-05-07 00:00:00.000000',NULL,NULL,NULL,NULL),('6a6acb1e-ab28-4728-8baa-27b667b0167c','U14222499','Jose Francisco Duran Diaz',24,'M','Administración','Trujillo',2018,'EMPLEADO','[\"Android\", \"PostgreSQL\", \"Tableau\", \"Python\", \"Revit\", \".NET\", \"TypeScript\"]','[\"Trabajo en equipo\", \"Toma de decisiones\", \"Asertividad\", \"Empatu00eda\"]','+51 993 182 712','65718640','{\"connected\": true, \"url\": \"https://linkedin.com/in/jose-francisco-duran-diaz-984\"}',0,5,15,'2024-11-02 00:00:00.000000','2025-05-07 00:00:00.000000',NULL,NULL,NULL,NULL),('7312fd63-07d9-46c4-9c47-aa53b9adbe7a','U18270172','Clemente Gascón Tomé',32,'F','Negocios Internacionales','Lima Norte',2021,'EMPLEADO','[\"Revit\", \"PHP\", \"SPSS\", \"Azure\"]','[\"Negociaciu00f3n\", \"Resoluciu00f3n de problemas\", \"Pensamiento cru00edtico\", \"Orientaciu00f3n al cliente\", \"Liderazgo\"]','+51 991 489 615','37111151','{\"connected\": true, \"url\": \"https://linkedin.com/in/clemente-gascu00f3n-tomu00e9-142\"}',1,2,7,'2024-06-11 00:00:00.000000','2025-05-07 00:00:00.000000',NULL,NULL,NULL,NULL),('764ec05a-55b9-46ec-b6df-9b96bb624710','U20228938','Lucila Peñas Miranda',44,'M','Diseño Gráfico','Arequipa',2023,'EMPLEADO','[\"Django\", \"C#\", \"AutoCAD\", \".NET\", \"React Native\", \"MATLAB\"]','[\"Comunicaciu00f3n efectiva\", \"Inteligencia emocional\", \"Asertividad\", \"Proactividad\", \"Coaching\", \"Autodisciplina\"]','+51 961 451 800','23244151','{\"connected\": true, \"url\": \"https://linkedin.com/in/lucila-peu00f1as-mir-379\"}',0,3,9,'2024-06-09 00:00:00.000000','2025-05-26 02:23:46.000000',NULL,NULL,NULL,NULL),('7c61f4ad-ef91-4929-a032-a3986a8d0008','U12254350','Mario Tomás-Sola',31,'F','Ingeniería Biomédica','Chiclayo',2015,'EMPLEADO','[\".NET\", \"MATLAB\", \"Vue.js\", \"JavaScript\", \"AutoCAD\", \"Oracle\", \"Python\", \"Excel\"]','[\"Liderazgo\", \"Mentoru00eda\", \"Resoluciu00f3n de problemas\", \"Coaching\"]','+51 954 161 979','58461818','{\"connected\": true, \"url\": \"https://linkedin.com/in/mario-tomu00e1s-sola-356\"}',0,4,3,'2024-09-24 00:00:00.000000','2025-05-07 00:00:00.000000',NULL,NULL,NULL,NULL),('81bbf792-749b-4351-a8b7-721f908bddf7','U10226701','Nerea Mendez Almeido',25,'M','Marketing','Lima Norte',2015,'desempleado','[\"JavaScript\", \"Oracle\", \"PostgreSQL\", \"Maya\", \"Ilustrator\", \"SPSS\"]','[\"Adaptabilidad\", \"Pensamiento cru00edtico\", \"Autonomu00eda\"]',NULL,NULL,NULL,NULL,NULL,NULL,'2025-03-15 00:00:00.000000','2025-05-26 15:15:45.000000',NULL,NULL,NULL,NULL),('888a3d8c-7ed5-4756-b9d5-0b4fa1f57540','U16263172','Magdalena Gil Rodríguez',34,'F','Turismo y Hotelería','Lima Centro',2023,'EMPLEADO','[\"Django\", \"R\", \"SQL\", \"Maya\", \"JavaScript\", \"Docker\", \"SAP\"]','[\"Inteligencia emocional\", \"Proactividad\", \"Autonomu00eda\", \"Liderazgo\", \"Adaptabilidad\"]','+51 953 912 950','13746101','{\"connected\": false, \"url\": null}',1,3,4,'2025-02-10 00:00:00.000000','2025-05-07 00:00:00.000000',NULL,NULL,NULL,NULL),('91c3591b-680a-462c-8ca1-8ef0b5874272','U12268227','Santos Morán Milla',24,'F','Negocios Internacionales','Trujillo',2015,'desempleado','[\"Vue.js\", \"Oracle\", \"TensorFlow\", \"iOS\", \"Django\", \"AWS\", \"SQL\", \"SPSS\"]','[\"Empatu00eda\", \"Inteligencia emocional\", \"Resiliencia\", \"Comunicaciu00f3n efectiva\", \"Autonomu00eda\"]','+51 911 393 323','25479101','{\"connected\": true, \"url\": \"https://linkedin.com/in/santos-moru00e1n-milla-167\"}',0,3,16,'2024-09-13 00:00:00.000000','2025-05-07 00:00:00.000000',NULL,NULL,NULL,NULL),('9368b61c-71ed-4e78-9b5b-01169cbbba96','U15280677','Eugenia Nebot Pinilla',45,'M','Ingeniería de Software','Lima Norte',2019,'EMPLEADO','[\"MongoDB\", \"SQL\", \"Android\", \"Flask\"]','[\"Gestiu00f3n del estru00e9s\", \"Manejo de conflictos\"]','+51 929 561 476','37346970','{\"connected\": true, \"url\": \"https://linkedin.com/in/eugenia-nebot-pinilla-162\"}',0,3,12,'2025-01-22 00:00:00.000000','2025-05-07 00:00:00.000000',NULL,NULL,NULL,NULL),('95e0499e-5c94-48d2-a76d-473c8a942db8','U15287174','Lina Azahar Plaza Falcón',42,'M','Ingeniería Industrial','Lima Sur',2023,'EMPLEADO','[\"PHP\", \"TypeScript\", \"Unity\"]','[\"Asertividad\", \"Coaching\", \"Inteligencia emocional\", \"Persuasiu00f3n\"]','+51 942 193 710','34188276','{\"connected\": true, \"url\": \"https://linkedin.com/in/lina-azahar-plaza-falcu00f3n-361\"}',1,2,18,'2024-09-12 00:00:00.000000','2025-05-26 03:10:17.000000',NULL,NULL,NULL,NULL),('96582413-895e-4628-ab29-313d510a86db','U10239084','Flor Juárez Piquer',26,'F','Psicología','Chiclayo',2016,'desempleado','[\"PostgreSQL\", \"MongoDB\", \"Figma\", \"React\", \"Civil 3D\"]','[\"Empatu00eda\", \"Inteligencia emocional\", \"Gestiu00f3n del estru00e9s\", \"Proactividad\", \"Comunicaciu00f3n efectiva\", \"Gestiu00f3n de tiempo\"]','+51 976 676 617','85704631','{\"connected\": true, \"url\": \"https://linkedin.com/in/flor-juu00e1rez-piquer-449\"}',0,5,9,'2025-03-09 00:00:00.000000','2025-05-07 00:00:00.000000',NULL,NULL,NULL,NULL),('a3fb95c4-c0e9-4df7-ba7a-3d8ba7fd23ca','U15213990','Maximino Pombo Perea',32,'M','Ingeniería de Sistemas','Lima Sur',2019,'EMPLEADO','[\"Django\", \"SAP\", \"R\", \"Android\", \"PHP\", \"TypeScript\", \"React\"]','[\"Asertividad\", \"Gestiu00f3n del estru00e9s\", \"Mentoru00eda\", \"Proactividad\", \"Pensamiento cru00edtico\"]','+51 930 233 160','34044361','{\"connected\": true, \"url\": \"https://linkedin.com/in/maximino-pombo-perea-121\"}',0,4,15,'2025-01-16 00:00:00.000000','2025-05-07 00:00:00.000000',NULL,NULL,NULL,NULL),('ab814ce1-6b5c-4703-ae8c-be88a869591d','U15285061','Mamen Colomer-Ropero',41,'F','Ingeniería Electrónica','Trujillo',2018,'EMPLEADO','[\"PHP\", \"Flask\", \"Machine Learning\", \"AutoCAD\", \"Vue.js\", \"Ilustrator\"]','[\"Adaptabilidad\", \"Asertividad\", \"Manejo de conflictos\", \"Toma de decisiones\", \"Coaching\"]','+51 965 302 754','17105448','{\"connected\": false, \"url\": null}',0,1,4,'2024-11-29 00:00:00.000000','2025-05-07 00:00:00.000000',NULL,NULL,NULL,NULL),('abdfea6f-23b4-4492-ae6d-46f856bbd734','U22275744','Román Salomón Grau Ortuño',34,'F','Ingeniería de Software','Arequipa',2024,'EMPLEADO','[\"JavaScript\", \"Oracle\", \"PostgreSQL\", \"Maya\", \"Ilustrator\", \"SPSS\"]','[\"Adaptabilidad\", \"Pensamiento cru00edtico\", \"Autonomu00eda\"]','+51 936 742 320','29394291','{\"connected\": true, \"url\": \"https://linkedin.com/in/romu00e1n-salomu00f3n-grau-ortuu00f1o-339\"}',0,5,11,'2025-02-06 00:00:00.000000','2025-05-07 00:00:00.000000',NULL,NULL,NULL,NULL),('ac7631eb-a9c4-4c74-8570-ba6f138262e7','U17270593','Gloria Ricart Bustamante',40,'M','Negocios Internacionales','Lima Norte',2024,'desempleado','[\"iOS\", \"Tableau\", \"Unity\", \"Node.js\", \"React Native\", \"Angular\", \"Swift\"]','[\"Gestiu00f3n de tiempo\", \"Autonomu00eda\", \"Creatividad\", \"Coaching\"]','+51 971 988 202','41949529','{\"connected\": true, \"url\": \"https://linkedin.com/in/gloria-ricart-bustamante-876\"}',0,5,2,'2024-11-30 00:00:00.000000','2025-05-07 00:00:00.000000',NULL,NULL,NULL,NULL),('b554dabe-0203-4f08-ad27-74805d7bdd42','U19240632','Anita Estevez',27,'F','Psicología','Lima Norte',2021,'EMPLEADO','[\"PostgreSQL\", \"React Native\", \"Swift\", \"Docker\", \"Machine Learning\", \"Power BI\", \"Blender\"]','[\"Manejo de conflictos\", \"Gestiu00f3n de tiempo\", \"Asertividad\"]','+51 986 277 303','9196777','{\"connected\": true, \"url\": \"https://linkedin.com/in/anita-estevez-283\"}',1,3,11,'2025-03-29 00:00:00.000000','2025-05-07 00:00:00.000000',NULL,NULL,NULL,NULL),('be98317f-d4a8-48a8-9087-220fe8854880','U14259181','Clara Laguna Vega',23,'M','Contabilidad','Arequipa',2021,'EMPLEADO','[\"Node.js\", \"Ilustrator\", \"Oracle\", \"Civil 3D\", \"Wordpress\"]','[\"Orientaciu00f3n al cliente\", \"Proactividad\", \"Adaptabilidad\", \"Delegaciu00f3n\", \"Liderazgo\", \"Persuasiu00f3n\"]','+51 941 546 213','65569635','{\"connected\": false, \"url\": null}',0,1,NULL,'2024-10-30 00:00:00.000000','2025-05-07 00:00:00.000000',NULL,NULL,NULL,NULL),('c24cee00-ddd6-4acf-8a6a-41301e13332c','U13277607','Guadalupe Neira Badía',29,'F','Administración y Marketing','Lima Sur',2020,'EMPLEADO','[\"TypeScript\", \"Figma\", \"Ilustrator\", \"C#\", \"AutoCAD\", \"R\", \"Swift\", \"Blender\"]','[\"Resiliencia\", \"Asertividad\", \"Adaptabilidad\", \"Orientaciu00f3n al cliente\", \"Empatu00eda\", \"Coaching\"]','+51 925 967 444','84676162','{\"connected\": true, \"url\": \"https://linkedin.com/in/guadalupe-neira-badu00eda-992\"}',0,2,16,'2024-11-03 00:00:00.000000','2025-05-07 00:00:00.000000',NULL,NULL,NULL,NULL),('c449073a-fde0-4d59-b224-93c128983a8d','U16238318','Nazaret Perea Ríos',36,'F','Psicología','Lima Centro',2020,'desempleado','[\"R\", \"React\", \"Kotlin\", \"Unity\"]','[\"Trabajo en equipo\", \"Pensamiento cru00edtico\"]','+51 917 562 945','69467853','{\"connected\": true, \"url\": \"https://linkedin.com/in/nazaret-perea-ru00edos-961\"}',0,5,NULL,'2024-07-06 00:00:00.000000','2025-05-07 00:00:00.000000',NULL,NULL,NULL,NULL),('cd21ca50-6d97-4abe-83b0-e3458e5ae601','U18215336','Águeda Malo-Saavedra',26,'M','Negocios Internacionales','Chiclayo',2023,'EMPLEADO','[\"TypeScript\", \"C#\", \"React Native\"]','[\"Adaptabilidad\", \"Persuasiu00f3n\", \"Autonomu00eda\"]','+51 971 406 396','16690465','{\"connected\": false, \"url\": null}',1,1,13,'2024-07-11 00:00:00.000000','2025-05-07 00:00:00.000000',NULL,NULL,NULL,NULL),('d44b41fd-eed9-4e55-b451-cddd43566825','U22277983','Régulo Pardo Verdugo',23,'M','Ingeniería Biomédica','Lima Norte',2024,'EMPLEADO','[\"Node.js\", \"Ilustrator\", \"JavaScript\", \"Java\"]','[\"Adaptabilidad\", \"Toma de decisiones\", \"Coaching\"]','+51 996 978 421','30097200','{\"connected\": false, \"url\": null}',1,1,2,'2024-10-21 00:00:00.000000','2025-05-07 00:00:00.000000',NULL,NULL,NULL,NULL),('dabef1f6-aecb-4f2a-a02d-882fb720dd03','U20255860','Moreno Hernando Carnero Chaves',25,'M','Ingeniería Civil','Lima Sur',2023,'desempleado','[\"Django\", \"Swift\", \"Flutter\", \"React\"]','[\"Adaptabilidad\", \"Orientaciu00f3n al cliente\", \"Toma de decisiones\", \"Pensamiento cru00edtico\"]','+51 956 154 270','6086345','{\"connected\": false, \"url\": null}',0,2,7,'2025-03-24 00:00:00.000000','2025-05-07 00:00:00.000000',NULL,NULL,NULL,NULL),('ea05a7cb-2294-4c5f-a391-190f1a8a862d','U19275983','Jimena Diéguez Ortuño',41,'F','Contabilidad','Trujillo',2021,'EMPLEADO','[\"Node.js\", \"MongoDB\", \"Unity\"]','[\"Gestiu00f3n del estru00e9s\", \"Trabajo en equipo\"]','+51 931 277 562','22718459','{\"connected\": true, \"url\": \"https://linkedin.com/in/jimena-diu00e9guez-ortuu00f1o-248\"}',0,4,5,'2024-11-19 00:00:00.000000','2025-05-07 00:00:00.000000',NULL,NULL,NULL,NULL),('f72d2d91-bcef-4deb-84f8-1fc1bb6832df','U22261476','Ainara Amarilis Múgica Hervio',32,'F','Derecho',NULL,2024,'desempleado','[\"Análisis Jurídico\", \"Investigación Legal:\", \"Redacción de Documentos Legales\"]','[\"Inteligencia emocional\", \"Resiliencia\"]',NULL,NULL,NULL,NULL,NULL,4,'2024-12-24 00:00:00.000000','2025-05-28 07:48:56.000000',NULL,NULL,NULL,NULL),('f9892ee4-8220-4945-8527-d94b08029c51','U19293953','Cayetana del Moreno',27,'M','Economía','Chiclayo',2021,'EMPLEADO','[\"Android\", \"SPSS\", \"AutoCAD\", \"Azure\"]','[\"Autodisciplina\", \"Planificación\", \"Empatía\", \"Manejo de conflictos\", \"Asertividad\", \"Proactividad\"]','+51 916 549 345','26450861','{\"connected\": true, \"url\": \"https://linkedin.com/in/cayetana-del-moreno-988\"}',0,4,20,'2024-05-09 00:00:00.000000','2025-05-28 10:19:38.000000',NULL,NULL,NULL,NULL),('fb238614-15db-4b50-8c75-d8c5253f1232','U19253565','Natalio Vázquez Giner',43,'F','Ingeniería Industrial','Lima Sur',2024,'EMPLEADO','[\"MongoDB\", \"Python\", \"React Native\", \"C#\"]','[\"Coaching\", \"Liderazgo\", \"Persuasiu00f3n\", \"Mentoru00eda\", \"Negociaciu00f3n\"]','+51 968 746 640','55507111','{\"connected\": true, \"url\": \"https://linkedin.com/in/natalio-vu00e1zquez-giner-593\"}',0,3,7,'2024-09-01 00:00:00.000000','2025-05-07 00:00:00.000000',NULL,NULL,NULL,NULL),('fb4e627e-1be3-44bf-ad22-4924723289c6','U15269943','Rosario Hurtado Lasa',22,'M','Ingeniería Civil','Lima Sur',2021,'desempleado','[\"Autocad\", \"Git\", \"R\"]','[\"Coaching\", \"Resolución de problemas\"]','+51 929 866 841','21367172','{\"connected\": true, \"url\": \"https://linkedin.com/in/rosario-hurtado-lasa-119\"}',0,5,1,'2025-01-02 00:00:00.000000','2025-05-26 02:20:50.000000',NULL,NULL,NULL,NULL);
/*!40000 ALTER TABLE `egresados` ENABLE KEYS */;
UNLOCK TABLES;

--
-- Table structure for table `encuestas`
--

DROP TABLE IF EXISTS `encuestas`;
/*!40101 SET @saved_cs_client     = @@character_set_client */;
/*!50503 SET character_set_client = utf8mb4 */;
CREATE TABLE `encuestas` (
  `id` varchar(36) COLLATE utf8mb4_general_ci NOT NULL,
  `titulo` varchar(100) COLLATE utf8mb4_general_ci NOT NULL,
  `descripcion` text COLLATE utf8mb4_general_ci,
  `fecha_creacion` date NOT NULL,
  `fecha_fin` date DEFAULT NULL,
  `activa` tinyint(1) DEFAULT '1',
  PRIMARY KEY (`id`)
) ENGINE=InnoDB DEFAULT CHARSET=utf8mb4 COLLATE=utf8mb4_general_ci;
/*!40101 SET character_set_client = @saved_cs_client */;

--
-- Dumping data for table `encuestas`
--

LOCK TABLES `encuestas` WRITE;
/*!40000 ALTER TABLE `encuestas` DISABLE KEYS */;
INSERT INTO `encuestas` VALUES ('1159ce1b-d3d0-49ea-b28c-69d351e41f59','Satisfacción Laboral','Encuesta para egresados de la UTP con el fin de mejorar nuestros servicios educativos.','2025-03-05','2025-03-23',0),('8c519a35-046a-4731-a206-810916f61214','Habilidades en el Mercado Laboral','Encuesta para egresados de la UTP con el fin de mejorar nuestros servicios educativos.','2025-02-16','2025-03-11',0),('97e9a2a0-099f-4488-9595-4cf063cfc19d','Evaluación de Formación UTP','Encuesta para egresados de la UTP con el fin de mejorar nuestros servicios educativos.','2025-03-09','2025-03-23',0);
/*!40000 ALTER TABLE `encuestas` ENABLE KEYS */;
UNLOCK TABLES;

--
-- Table structure for table `experiencias_laborales`
--

DROP TABLE IF EXISTS `experiencias_laborales`;
/*!40101 SET @saved_cs_client     = @@character_set_client */;
/*!50503 SET character_set_client = utf8mb4 */;
CREATE TABLE `experiencias_laborales` (
  `id` varchar(36) COLLATE utf8mb4_general_ci NOT NULL,
  `empresa` varchar(100) COLLATE utf8mb4_general_ci NOT NULL,
  `puesto` varchar(100) COLLATE utf8mb4_general_ci DEFAULT NULL,
  `fecha_inicio` date DEFAULT NULL,
  `fecha_fin` date DEFAULT NULL,
  `salario` int DEFAULT NULL,
  `descripcion` text COLLATE utf8mb4_general_ci,
  `id_egresado` varchar(36) COLLATE utf8mb4_general_ci NOT NULL,
  PRIMARY KEY (`id`),
  KEY `id_egresado` (`id_egresado`),
  CONSTRAINT `experiencias_laborales_ibfk_1` FOREIGN KEY (`id_egresado`) REFERENCES `egresados` (`id`)
) ENGINE=InnoDB DEFAULT CHARSET=utf8mb4 COLLATE=utf8mb4_general_ci;
/*!40101 SET character_set_client = @saved_cs_client */;

--
-- Dumping data for table `experiencias_laborales`
--

LOCK TABLES `experiencias_laborales` WRITE;
/*!40000 ALTER TABLE `experiencias_laborales` DISABLE KEYS */;
INSERT INTO `experiencias_laborales` VALUES ('04ec93de-b98e-44fb-abc0-30867617b193','Aceros Arequipa','Guardagujas','2028-09-06',NULL,3589,'Voluptatem labore vel ab.','04c9e750-dd32-428a-9168-f88cb9cf5f91'),('13b1f34e-39bf-4f33-a0cc-272972c6da6c','Interbank','Ecónomo y mayordomos domésticos','2021-08-13','2024-02-29',4648,'Suscipit facere deleniti architecto optio quo voluptates sequi. Fugit iste rerum cum.','4d9d21d7-2807-4576-9428-4d7e5b59591c'),('184b241b-fa89-43e9-8ea8-f5994a9e62d3','Cementos Pacasmayo','Estadístico','2026-04-16',NULL,1764,'Laudantium natus labore accusantium ex autem impedit. Reiciendis quas porro ad labore.','42cc9945-ba71-4e4c-ab66-2f3e1720f493'),('19de924e-431c-41a9-8626-0467ef0d37fb','Emprendimiento propio','Ingeniero electrónico','2024-07-21','2027-04-07',101,'Fugiat corrupti ullam architecto rerum. Inventore quia fuga consectetur.','ac7631eb-a9c4-4c74-8570-ba6f138262e7'),('1b49d324-7652-4190-957d-e827fbf83330','Gobierno Regional de Lima','Lavador de vehículos','2023-09-22',NULL,3576,'Velit magnam laudantium aspernatur aliquam inventore.','cd21ca50-6d97-4abe-83b0-e3458e5ae601'),('1d72aced-2385-426e-a5c9-b1a2459088a2','Alicorp','Cartógrafo','2021-01-03','2023-11-19',4060,'Delectus suscipit voluptatibus vero minima saepe asperiores. Quisquam impedit sapiente.','ea05a7cb-2294-4c5f-a391-190f1a8a862d'),('217dc1bb-3d35-48ba-ae6f-22fdea4d4ff9','Everis Perú','Secretario ejecutivo','2024-03-03',NULL,4861,'Architecto quisquam dignissimos dolor sit. Quo ratione nisi eius voluptates voluptates.','f72d2d91-bcef-4deb-84f8-1fc1bb6832df'),('278cba05-1840-44a7-8f81-77f7b540d139','Ripley Perú','Audiólogo','2024-10-28','2025-08-24',3421,'Natus et ea pariatur et eaque consectetur officia. Et quibusdam asperiores itaque voluptatum voluptatum asperiores.','b554dabe-0203-4f08-ad27-74805d7bdd42'),('27f47083-1915-4ab5-9698-6e4eb83c7f7d','Petroperú','Director de industrias manufactureras','2027-04-04',NULL,2831,'Fugit voluptatibus odit nam placeat sapiente quod.','4d9d21d7-2807-4576-9428-4d7e5b59591c'),('29939c37-39ab-4479-95fd-0dbd219b9e64','Plaza Vea','Cuidador de niños','2022-02-09','2024-07-28',2203,'Non eum ipsam perferendis maiores recusandae vero quasi. Eligendi optio nulla at.','5cff3a4d-6540-45fa-8aec-9d0d476f214d'),('2a802682-f2d2-47e9-9304-b3acc3206d97','GMD','Dinamitero','2024-02-17','2025-01-12',2669,'Ab magni fuga nulla.','ea05a7cb-2294-4c5f-a391-190f1a8a862d'),('2c09cd7c-718e-4496-b9b0-9dc5714ec9c7','Minsur','Oficial de las fuerzas armadas','2017-08-12','2019-03-05',3587,'Odio praesentium assumenda sapiente. Natus similique atque minus aliquam distinctio.','2d17178d-1f6d-451c-ab05-a2b9c6767bff'),('30e37880-98c9-45b1-a488-518aa724452f','Aceros Arequipa','Instructor en tecnologías de la información','2025-04-28','2026-01-23',3879,'Tempora consequuntur ut et hic nulla sapiente nisi.','42cc9945-ba71-4e4c-ab66-2f3e1720f493'),('313fe857-31d2-47d7-9f81-4f1be4ff2c75','UTEC','Trabajador de cuidados personales a domicilio','2018-07-13','2019-06-08',3697,'Adipisci illum quisquam quisquam voluptatem officia in.','81bbf792-749b-4351-a8b7-721f908bddf7'),('318b636d-f27d-4514-9fc8-c183c2e786dd','Emprendimiento propio','Técnico agropecuario','2023-03-07','2024-11-26',2594,'Tempore quia labore ea doloribus odit quisquam. Laborum dolores ipsam quae doloremque excepturi tempora.','299dc48a-437a-4da2-aca1-2db4905150ed'),('3226a84f-7d8e-4e93-8752-f99f98e6be3c','Supermercados Peruanos','Especialista en políticas y servicios de personal','2024-05-26','2027-02-10',5269,'Praesentium placeat architecto odio modi.','4d9d21d7-2807-4576-9428-4d7e5b59591c'),('3c64a7d8-222c-45ea-b994-b106fd1f18d6','Gloria','Gerente de hoteles o restaurantes','2024-09-20','2025-04-18',2864,'Nam facilis corporis nobis illo aliquam. Consequatur ex labore.','42cc9945-ba71-4e4c-ab66-2f3e1720f493'),('3cb09ee2-b9d0-4afa-97c6-ee2afede8777','GMD','Patronista y cortador de tela','2020-04-13','2022-06-02',4215,'Ex nam harum dolorum. Sit ex nesciunt consequuntur expedita voluptas praesentium hic.','c24cee00-ddd6-4acf-8a6a-41301e13332c'),('41f712e1-faf5-4d9c-9d3b-96740226b36b','Emprendimiento propio','Afinador de instrumentos musicales','2020-03-14',NULL,NULL,'Beatae repudiandae temporibus dicta modi cum sequi.','2e7a689f-0a39-40ce-82e6-94688511489c'),('43b35277-9e55-4821-bac0-841e938f33e9','Gloria','Astrónomos','2017-09-14',NULL,3669,'Quo nihil magnam exercitationem ad autem impedit. Blanditiis velit consequuntur est.','16469a9e-f192-428b-be9d-0ad01f8b0a66'),('4d15746b-041b-4998-b8e6-a72b52eae673','Minsur','Cajero','2024-12-18','2025-11-13',2365,'Dolores laudantium facere nemo.','d44b41fd-eed9-4e55-b451-cddd43566825'),('4e3509b5-f765-4c53-9b2e-8e66fe9ab23f','Clínica Internacional','Artista plástico','2015-11-13',NULL,5034,'Facere veniam adipisci corrupti ipsum fuga.','140cdfd3-8835-4e4a-8bf3-c47a60819f6f'),('50507c06-dbcc-449a-b968-e0933fd931c3','Emprendimiento propio','Audiólogo','2025-02-06',NULL,4282,'Doloremque possimus provident aperiam.','299dc48a-437a-4da2-aca1-2db4905150ed'),('55da9c64-9c4e-4d96-a4bc-0e012fe91b9c','Everis Perú','Profesional de nivel medio de enfermería','2027-04-02',NULL,3365,'Unde omnis quibusdam distinctio repudiandae earum.','764ec05a-55b9-46ec-b6df-9b96bb624710'),('55eba6f4-d366-4e38-baef-b2ff518c8d16','Saga Falabella','Reponedor de estanterías','2015-01-22',NULL,2896,'Quam aliquam facilis quaerat. Nostrum quibusdam quos doloremque dolores vitae.','16d327f8-69e3-4ea2-b844-67acd427d5b2'),('59885144-9462-4a76-9065-1ee3bc88007c','La Positiva','Electricista de obras','2021-03-04',NULL,2533,'Dolores rerum harum tempore ex quidem consequuntur.','2d17178d-1f6d-451c-ab05-a2b9c6767bff'),('5b3203d2-77a5-4dbc-9384-6b172bfecc0b','Emprendimiento propio','Albañil','2023-12-16',NULL,3866,'Blanditiis doloremque modi harum fuga veniam possimus.','dabef1f6-aecb-4f2a-a02d-882fb720dd03'),('5bd03efe-a107-4704-b6ce-9df6a3ef44d5','Graña y Montero','Analista de sistemas','2021-10-21',NULL,NULL,'Maxime rem porro. Facilis architecto optio ex et.','95e0499e-5c94-48d2-a76d-473c8a942db8'),('5c9caa67-1f67-450e-9d45-ac2fd59fc61b','Gobierno Regional de Lima','Ensamblador de equipos eléctricos','2022-07-09',NULL,3689,'Explicabo excepturi odit.','a3fb95c4-c0e9-4df7-ba7a-3d8ba7fd23ca'),('5ce31b1b-9d3c-4712-b85f-c70031fbae5f','Tottus','Ensamblador de maquinaria mecánica','2027-04-22','2028-08-14',3461,'Perferendis deserunt nostrum odit illo incidunt eveniet.','04c9e750-dd32-428a-9168-f88cb9cf5f91'),('5cfa541d-ac98-4ff4-a1bd-255eb9092f1e','Petroperú','Director de publicidad y relaciones públicas','2015-08-26','2018-06-11',3022,'Neque aliquid exercitationem aperiam voluptatibus.','81bbf792-749b-4351-a8b7-721f908bddf7'),('621e4ba3-5c45-45d7-bac6-50a83f38a4a3','Wong','Profesional de nivel medio del derecho y servicios legales','2021-05-22',NULL,2672,'Nisi voluptatem rerum eos facere esse provident. Earum voluptate mollitia possimus.','7312fd63-07d9-46c4-9c47-aa53b9adbe7a'),('7d11ae79-19cc-4b9e-82bc-03a286a436bb','Universidad de Lima','Profesional en redes de computadores','2023-10-02',NULL,4709,'Soluta adipisci ea similique assumenda.','888a3d8c-7ed5-4756-b9d5-0b4fa1f57540'),('80226405-b21c-4ef0-ba87-6a7a99bbd344','Aceros Arequipa','Técnico en redes y sistemas de computadores','2019-05-24','2020-12-14',NULL,'Earum unde placeat eligendi molestiae omnis debitis. Accusamus dignissimos corporis reprehenderit reprehenderit ut.','2d17178d-1f6d-451c-ab05-a2b9c6767bff'),('822bd4b1-8c79-4e33-9342-d34c1b434f77','Minsur','Gerente de sucursales de bancos, de servicios financieros y de seguros','2019-08-05','2021-03-27',3686,'Fugit similique ipsam inventore reprehenderit officiis nisi error. Veniam dicta et vitae voluptas eos possimus laudantium.','599822d0-17bd-403e-896a-2dea7fc5bc44'),('83f3d28c-f333-4fc3-b150-67d7440bec91','Interbank','Joyero','2023-11-13','2025-11-02',4819,'Molestias perspiciatis sint perspiciatis rem eaque. Deleniti doloribus nam dolore voluptate error enim.','764ec05a-55b9-46ec-b6df-9b96bb624710'),('8466254a-9987-4e3f-9cfa-5ecf61518760','BCP','Barrendero','2019-11-07',NULL,2697,'Sunt illo nulla culpa ut sint voluptate. Sunt ad qui ex.','ab814ce1-6b5c-4703-ae8c-be88a869591d'),('87f7c039-4404-4de6-a2a0-326b779495bc','Cementos Pacasmayo','Peón de pesca y acuicultura','2025-03-16',NULL,2415,'Omnis accusamus minus illum accusantium quam modi. Accusantium repellat perferendis rem tenetur.','ea05a7cb-2294-4c5f-a391-190f1a8a862d'),('882124d8-418f-4da7-be6f-0d135d0c2b01','Plaza Vea','Analista de gestión y organización','2018-04-08','2019-08-31',3843,'Tempore recusandae similique tempore distinctio dolorum.','ab814ce1-6b5c-4703-ae8c-be88a869591d'),('883b4fad-34bf-461e-90bb-9fcd0a18f5c1','Backus','Psicólogo','2019-07-04','2022-06-18',3231,'Ratione exercitationem quasi occaecati quo quasi.','a3fb95c4-c0e9-4df7-ba7a-3d8ba7fd23ca'),('9199c468-fb8c-41ac-8543-73d962b4a0b6','Wong','Operador de máquinas de tratamiento de pieles y cueros','2022-06-08',NULL,NULL,'Nam officia eveniet consectetur praesentium.','c24cee00-ddd6-4acf-8a6a-41301e13332c'),('95258da4-4d39-40d2-9e60-483e52099b47','Clínica Ricardo Palma','Gestor de aduana','2025-09-03',NULL,5930,'Consequatur expedita architecto doloribus eligendi. Rerum provident nostrum voluptates omnis ab.','b554dabe-0203-4f08-ad27-74805d7bdd42'),('977e0c67-61f0-4989-bc59-f666e8014538','Minsur','Técnico agropecuario','2016-06-15',NULL,4444,'Ipsum a aspernatur ducimus rerum molestias quas.','5bda2288-d5cf-4d32-9f7f-25b87c5a8841'),('a5c7819f-cb7b-4e51-b05b-006866e91e68','Emprendimiento propio','Curador de museos','2027-04-21',NULL,5352,'Natus pariatur illum sit velit in totam. Voluptas nobis expedita.','ac7631eb-a9c4-4c74-8570-ba6f138262e7'),('b0f0e77f-2229-475e-8cc2-fb79bdac49fb','Rímac Seguros','Recepcionista','2015-07-09',NULL,3619,'Perferendis earum optio. Non impedit dolor maiores exercitationem beatae perspiciatis.','31c007e6-c249-4729-907d-2ee477d1c7c9'),('b78ecc11-0ca8-48da-aa77-f724344eb927','Saga Falabella','Operador de instalaciones de refinación de petróleo y gas natural','2021-06-19',NULL,NULL,'Fugiat repellendus hic beatae natus nihil.','599822d0-17bd-403e-896a-2dea7fc5bc44'),('c045eea7-3846-436a-b7ca-565ec5f3e373','BCP','Lavador de vehículos','2025-11-25',NULL,3665,'Nostrum assumenda est voluptatum. Minima quisquam reprehenderit asperiores voluptas odit ipsum.','d44b41fd-eed9-4e55-b451-cddd43566825'),('c9e83862-383e-446f-80ff-958cc392c79f','Minsur','Jefe de pequeñas poblaciones','2024-04-22',NULL,4120,'Perferendis laudantium vitae et harum.','f9892ee4-8220-4945-8527-d94b08029c51'),('ce501d8d-d4af-496a-a1e3-738114912a34','Petroperú','Cuidador de animales','2026-01-05','2027-01-30',4828,'Laboriosam natus vel quam enim nemo. Fugit voluptatem repellendus veritatis rem enim enim.','764ec05a-55b9-46ec-b6df-9b96bb624710'),('cfe3b31f-0574-48b5-a43b-7b0cab2007b7','Ministerio de Educación','Profesional de nivel medio en actividades culturales y artísticas','2024-08-04',NULL,1429,'Dolorum quidem quisquam perspiciatis consequatur atque occaecati aliquam.','abdfea6f-23b4-4492-ae6d-46f856bbd734'),('d190c30a-4c06-4810-b5ce-dabb7586fcf6','Interbank','Técnico en ingeniería mecánica','2016-07-16',NULL,2485,'Esse numquam non qui veniam dignissimos. Eaque aspernatur dolores mollitia culpa.','004bff82-abd4-4a8d-83ab-4ad16c8a6b59'),('d6c6ccc9-c8be-4835-82b2-ddad86fb9608','BCP','Electricista de obras','2024-01-03',NULL,4507,'Nam nihil quasi cupiditate.','fb238614-15db-4b50-8c75-d8c5253f1232'),('d7c92c60-f518-4033-8471-a03dc544b6f4','Telefónica Perú','Decorador de interior','2018-10-01','2019-08-27',NULL,'Et iste amet facere.','6a6acb1e-ab28-4728-8baa-27b667b0167c'),('d81bd6c3-6386-450b-be66-457687d9a1c9','Plaza Vea','Recolector de dinero en aparatos de venta automática y lector de medidores','2023-08-12',NULL,6296,'Perspiciatis sunt officia voluptates eum voluptas et. Architecto ipsam esse earum animi magni.','24b4b414-0146-4bde-b753-18631c5ba77e'),('dc5d882e-bd73-4517-87ae-98c0617002b9','Everis Perú','Químico','2024-08-05',NULL,3581,'Dolore dicta ad doloribus labore.','5cff3a4d-6540-45fa-8aec-9d0d476f214d'),('e147a690-e322-4ff1-be13-e2fa4dd9b902','Tottus','Actor','2019-08-30',NULL,4509,'Deserunt fugit natus officiis. Placeat impedit saepe laborum assumenda adipisci.','6a6acb1e-ab28-4728-8baa-27b667b0167c'),('e1c74640-f58e-4e2f-9642-f82a9fe21eca','Saga Falabella','Cartógrafo','2023-11-02',NULL,3506,'Eaque corporis cumque eius error.','488147e6-e9ca-47a0-8a8b-477f82f7974c'),('e2f0d908-38a9-4964-96e2-83913904449e','Gloria','Recepcionista de hoteles','2019-07-10',NULL,NULL,'Rerum iusto quibusdam amet veritatis. Officiis quos officiis quidem veniam.','9368b61c-71ed-4e78-9b5b-01169cbbba96'),('e3474242-10e0-4046-9d78-b062a8e002af','BCP','Operador de máquinas de tratamiento de pieles y cueros','2021-12-10','2024-10-25',4591,'Illo velit necessitatibus neque aliquam.','b554dabe-0203-4f08-ad27-74805d7bdd42'),('e5513443-10c7-4629-968d-62a19402d3fa','Telefónica Perú','Trabajador de explotaciones de acuicultura','2019-07-08',NULL,4034,'Sit tenetur fugiat placeat optio molestiae officiis. Blanditiis voluptatibus hic consectetur voluptatem rerum.','81bbf792-749b-4351-a8b7-721f908bddf7'),('ede425ef-d149-43c7-8846-514f3c2cb687','Supermercados Peruanos','Director de políticas y planificación','2015-06-04','2016-05-29',2845,'Quisquam non ratione dolorem minima ipsum ipsam.','004bff82-abd4-4a8d-83ab-4ad16c8a6b59'),('f1b42886-9ceb-49a8-bec4-c1a765bfa7ed','Wong','Director de políticas y planificación','2019-08-20',NULL,2693,'Modi consequuntur delectus iure soluta.','4cf73744-148f-4ee0-9230-506ed9f4cb23'),('fa1c52ff-04e3-46ce-b514-a2a8f7d03882','Banco de la Nación','Educador para necesidades especiales','2024-05-12','2027-01-27',1778,'Autem voluptatem eligendi voluptatibus molestiae laudantium vel sed. Earum repellat ex quasi officia quaerat accusamus.','04c9e750-dd32-428a-9168-f88cb9cf5f91'),('fba9e83b-2943-4b18-827d-6ed450e83946','Emprendimiento propio','Secretario (general)','2022-04-08',NULL,NULL,'Sit similique dolore repellendus itaque esse.','fb4e627e-1be3-44bf-ad22-4924723289c6');
/*!40000 ALTER TABLE `experiencias_laborales` ENABLE KEYS */;
UNLOCK TABLES;

--
-- Table structure for table `preguntas`
--

DROP TABLE IF EXISTS `preguntas`;
/*!40101 SET @saved_cs_client     = @@character_set_client */;
/*!50503 SET character_set_client = utf8mb4 */;
CREATE TABLE `preguntas` (
  `id` varchar(36) COLLATE utf8mb4_general_ci NOT NULL,
  `texto` text COLLATE utf8mb4_general_ci NOT NULL,
  `tipo` varchar(20) COLLATE utf8mb4_general_ci NOT NULL,
  `opciones` longtext CHARACTER SET utf8mb4 COLLATE utf8mb4_bin,
  `id_encuesta` varchar(36) COLLATE utf8mb4_general_ci NOT NULL,
  PRIMARY KEY (`id`),
  KEY `id_encuesta` (`id_encuesta`),
  CONSTRAINT `preguntas_ibfk_1` FOREIGN KEY (`id_encuesta`) REFERENCES `encuestas` (`id`),
  CONSTRAINT `preguntas_chk_1` CHECK (json_valid(`opciones`))
) ENGINE=InnoDB DEFAULT CHARSET=utf8mb4 COLLATE=utf8mb4_general_ci;
/*!40101 SET character_set_client = @saved_cs_client */;

--
-- Dumping data for table `preguntas`
--

LOCK TABLES `preguntas` WRITE;
/*!40000 ALTER TABLE `preguntas` DISABLE KEYS */;
INSERT INTO `preguntas` VALUES ('006c0c45-b005-4cc7-9f1a-1a28328c8c59','¿Qué áreas de conocimiento deberían reforzarse en tu carrera?','MULTIPLE','[\"Tu00e9cnicas\", \"Blandas\", \"Idiomas\", \"Gestiu00f3n\"]','97e9a2a0-099f-4488-9595-4cf063cfc19d'),('080bab45-5f65-4163-b0e2-e8fbcb745202','¿Qué consejo darías a los estudiantes actuales de tu carrera?','ABIERTA',NULL,'97e9a2a0-099f-4488-9595-4cf063cfc19d'),('316ea863-2416-4087-addf-6884881f0c22','¿Qué certificaciones te han sido más útiles?','MULTIPLE','[\"Tu00e9cnicas\", \"Blandas\", \"Idiomas\", \"Gestiu00f3n\"]','8c519a35-046a-4731-a206-810916f61214'),('4bfd14c0-3fec-4385-a23f-04f8711811f1','¿Cómo calificarías la formación recibida en UTP?','ESCALA','[\"1\", \"2\", \"3\", \"4\", \"5\"]','97e9a2a0-099f-4488-9595-4cf063cfc19d'),('54a853ce-d4a5-47f9-8300-6cf2cd436888','¿Qué certificaciones te han sido más útiles?','MULTIPLE','[\"Tu00e9cnicas\", \"Blandas\", \"Idiomas\", \"Gestiu00f3n\"]','97e9a2a0-099f-4488-9595-4cf063cfc19d'),('7d03b31e-67b0-410f-8c6e-99a1bca4cef0','¿Qué habilidades consideras más importantes en tu campo laboral actual?','MULTIPLE','[\"Tu00e9cnicas\", \"Blandas\", \"Idiomas\", \"Gestiu00f3n\"]','1159ce1b-d3d0-49ea-b28c-69d351e41f59'),('8d85d7dc-a78c-4949-9243-fd1b17328f44','¿Cómo calificarías la formación recibida en UTP?','ESCALA','[\"1\", \"2\", \"3\", \"4\", \"5\"]','8c519a35-046a-4731-a206-810916f61214'),('9941f2f5-0eb0-44e4-8a2b-1b876e2fa51b','¿Recomendarías estudiar en la UTP?','ESCALA','[\"1\", \"2\", \"3\", \"4\", \"5\"]','8c519a35-046a-4731-a206-810916f61214'),('a99cc550-306f-432b-8b36-fbea0c435e5e','¿Qué consejo darías a los estudiantes actuales de tu carrera?','ABIERTA',NULL,'8c519a35-046a-4731-a206-810916f61214'),('b149b625-c3e4-458c-b9b4-568b7cd72918','¿Qué consejo darías a los estudiantes actuales de tu carrera?','ABIERTA',NULL,'1159ce1b-d3d0-49ea-b28c-69d351e41f59'),('c20e37a2-2f97-4a72-b14e-d57713556e81','¿Qué habilidades consideras más importantes en tu campo laboral actual?','MULTIPLE','[\"Tu00e9cnicas\", \"Blandas\", \"Idiomas\", \"Gestiu00f3n\"]','1159ce1b-d3d0-49ea-b28c-69d351e41f59'),('d219b84e-a0aa-4b0d-8a3c-b9389b82ccd6','¿Tienes alguna sugerencia para mejorar la formación en UTP?','ABIERTA',NULL,'8c519a35-046a-4731-a206-810916f61214'),('e90c9e44-2183-47b4-83ab-5274948994fe','¿Qué habilidades consideras más importantes en tu campo laboral actual?','MULTIPLE','[\"Tu00e9cnicas\", \"Blandas\", \"Idiomas\", \"Gestiu00f3n\"]','1159ce1b-d3d0-49ea-b28c-69d351e41f59'),('f4924c62-af09-4c22-8753-aa470f2202b1','¿Qué áreas de conocimiento deberían reforzarse en tu carrera?','MULTIPLE','[\"Tu00e9cnicas\", \"Blandas\", \"Idiomas\", \"Gestiu00f3n\"]','1159ce1b-d3d0-49ea-b28c-69d351e41f59');
/*!40000 ALTER TABLE `preguntas` ENABLE KEYS */;
UNLOCK TABLES;

--
-- Table structure for table `reportes_guardados`
--

DROP TABLE IF EXISTS `reportes_guardados`;
/*!40101 SET @saved_cs_client     = @@character_set_client */;
/*!50503 SET character_set_client = utf8mb4 */;
CREATE TABLE `reportes_guardados` (
  `id` varchar(255) COLLATE utf8mb4_general_ci NOT NULL,
  `estado` varchar(255) COLLATE utf8mb4_general_ci DEFAULT NULL,
  `fecha_generacion` datetime(6) DEFAULT NULL,
  `parametros` text COLLATE utf8mb4_general_ci,
  `tipo_reporte` varchar(255) COLLATE utf8mb4_general_ci DEFAULT NULL,
  `url_archivo` varchar(255) COLLATE utf8mb4_general_ci DEFAULT NULL,
  `usuario_id` varchar(255) COLLATE utf8mb4_general_ci DEFAULT NULL,
  PRIMARY KEY (`id`),
  KEY `FKkua0xgoqc48gftj984ta9sqyf` (`usuario_id`),
  CONSTRAINT `FKkua0xgoqc48gftj984ta9sqyf` FOREIGN KEY (`usuario_id`) REFERENCES `usuarios` (`id`)
) ENGINE=InnoDB DEFAULT CHARSET=utf8mb4 COLLATE=utf8mb4_general_ci;
/*!40101 SET character_set_client = @saved_cs_client */;

--
-- Dumping data for table `reportes_guardados`
--

LOCK TABLES `reportes_guardados` WRITE;
/*!40000 ALTER TABLE `reportes_guardados` DISABLE KEYS */;
INSERT INTO `reportes_guardados` VALUES ('59099ffe-2983-4dae-ac89-298e5c99b731','guardado','2025-06-28 00:25:59.322744','{\"career\":\"Ingeniería Electrónica\",\"estado\":null,\"endDate\":[2024,12,31],\"sede\":null,\"startDate\":[2000,1,1]}','genero','/exports/genero_2025-06-28_1751088359300.xlsx','admin-id-1'),('e90d2e8b-f4fc-4a82-9ad1-26aa8e880048','guardado','2025-06-28 01:23:54.814509','{\"career\":\"Administración\",\"estado\":null,\"endDate\":[2024,12,31],\"sede\":\"Trujillo\",\"startDate\":[2000,1,1]}','egresados','/exports/egresados_2025-06-28_1751091834809.pdf','admin-id-1');
/*!40000 ALTER TABLE `reportes_guardados` ENABLE KEYS */;
UNLOCK TABLES;

--
-- Table structure for table `respuestas_encuestas`
--

DROP TABLE IF EXISTS `respuestas_encuestas`;
/*!40101 SET @saved_cs_client     = @@character_set_client */;
/*!50503 SET character_set_client = utf8mb4 */;
CREATE TABLE `respuestas_encuestas` (
  `id` varchar(36) COLLATE utf8mb4_general_ci NOT NULL,
  `id_pregunta` varchar(36) COLLATE utf8mb4_general_ci NOT NULL,
  `id_egresado` varchar(36) COLLATE utf8mb4_general_ci NOT NULL,
  `respuesta` text COLLATE utf8mb4_general_ci,
  `fecha_respuesta` date DEFAULT NULL,
  PRIMARY KEY (`id`),
  KEY `id_pregunta` (`id_pregunta`),
  KEY `id_egresado` (`id_egresado`),
  CONSTRAINT `respuestas_encuestas_ibfk_1` FOREIGN KEY (`id_pregunta`) REFERENCES `preguntas` (`id`),
  CONSTRAINT `respuestas_encuestas_ibfk_2` FOREIGN KEY (`id_egresado`) REFERENCES `egresados` (`id`)
) ENGINE=InnoDB DEFAULT CHARSET=utf8mb4 COLLATE=utf8mb4_general_ci;
/*!40101 SET character_set_client = @saved_cs_client */;

--
-- Dumping data for table `respuestas_encuestas`
--

LOCK TABLES `respuestas_encuestas` WRITE;
/*!40000 ALTER TABLE `respuestas_encuestas` DISABLE KEYS */;
INSERT INTO `respuestas_encuestas` VALUES ('0041e1c1-586e-44d3-9093-ad1038af9d4c','54a853ce-d4a5-47f9-8300-6cf2cd436888','299dc48a-437a-4da2-aca1-2db4905150ed','Gestión, Técnicas','2025-03-16'),('00f7b779-6446-4a7e-8093-175c429ac948','7d03b31e-67b0-410f-8c6e-99a1bca4cef0','140cdfd3-8835-4e4a-8bf3-c47a60819f6f','Técnicas, Gestión, Idiomas','2025-03-11'),('011d70b2-bee2-4c53-8cd4-e39c05d65221','a99cc550-306f-432b-8b36-fbea0c435e5e','15d5c188-0ca4-48ee-9482-962be42b0345','Mollitia quod fugit modi facere ea maiores libero atque voluptatem iusto saepe totam.','2025-02-21'),('036d7d09-353d-4e51-a863-91c97ec24ccc','e90c9e44-2183-47b4-83ab-5274948994fe','7312fd63-07d9-46c4-9c47-aa53b9adbe7a','Idiomas','2025-03-10'),('0398c9e7-6d08-4147-9910-991eda50892a','f4924c62-af09-4c22-8753-aa470f2202b1','652b6b58-930b-46b9-809a-c62bdff6537c','Idiomas, Gestión, Técnicas, Blandas','2025-03-12'),('03adab29-b8d6-4f16-9f25-586c5978eddd','c20e37a2-2f97-4a72-b14e-d57713556e81','04c9e750-dd32-428a-9168-f88cb9cf5f91','Blandas, Técnicas','2025-03-11'),('03d9e715-4149-45c4-8853-f97f8a043966','54a853ce-d4a5-47f9-8300-6cf2cd436888','3bdd4ff2-5d49-4672-bf8a-d06ce03cbfe5','Blandas','2025-03-15'),('04cb3d1e-7989-4211-9158-7e05ddc8291f','9941f2f5-0eb0-44e4-8a2b-1b876e2fa51b','4d9d21d7-2807-4576-9428-4d7e5b59591c','5','2025-02-18'),('0504f748-277f-4312-a947-8c16f1a245f0','006c0c45-b005-4cc7-9f1a-1a28328c8c59','2d17178d-1f6d-451c-ab05-a2b9c6767bff','Blandas, Gestión, Técnicas, Idiomas','2025-03-14'),('0533ce45-110b-4695-9061-fc3eeef957e9','316ea863-2416-4087-addf-6884881f0c22','f72d2d91-bcef-4deb-84f8-1fc1bb6832df','Gestión','2025-02-17'),('0576ba45-48e2-49c4-b2f9-35f622000b9e','8d85d7dc-a78c-4949-9243-fd1b17328f44','ab814ce1-6b5c-4703-ae8c-be88a869591d','5','2025-02-17'),('05a43f75-6866-4773-b8f8-6876f53cc113','080bab45-5f65-4163-b0e2-e8fbcb745202','cd21ca50-6d97-4abe-83b0-e3458e5ae601','Nobis ad dolorem perferendis similique nesciunt accusantium quisquam reprehenderit.','2025-03-12'),('05ad2734-e7c8-4719-bc1f-f1985c162d4c','8d85d7dc-a78c-4949-9243-fd1b17328f44','ea05a7cb-2294-4c5f-a391-190f1a8a862d','1','2025-02-20'),('063d187d-c2f2-454d-b0c2-8268947f918f','8d85d7dc-a78c-4949-9243-fd1b17328f44','599822d0-17bd-403e-896a-2dea7fc5bc44','1','2025-02-18'),('06d6827c-6e8b-4c57-a3aa-da3257cd6861','d219b84e-a0aa-4b0d-8a3c-b9389b82ccd6','5bda2288-d5cf-4d32-9f7f-25b87c5a8841','Incidunt quod dolores commodi dolores odit numquam aperiam saepe libero modi odio nemo quaerat eos a explicabo necessitatibus deleniti.','2025-02-18'),('0720c0ca-ef9d-4564-a18a-107de118b0f8','316ea863-2416-4087-addf-6884881f0c22','140cdfd3-8835-4e4a-8bf3-c47a60819f6f','Técnicas, Idiomas, Blandas','2025-02-20'),('07423d07-439d-4fc4-88bc-0855bc04fe5e','9941f2f5-0eb0-44e4-8a2b-1b876e2fa51b','593e0985-15e7-4982-af5c-a131af3a19f0','2','2025-02-18'),('081f37a3-ba7c-4577-bdc8-6a337b8f6d11','316ea863-2416-4087-addf-6884881f0c22','2e7a689f-0a39-40ce-82e6-94688511489c','Técnicas','2025-02-18'),('0836b2e5-450d-481b-b764-1e2587d6afff','9941f2f5-0eb0-44e4-8a2b-1b876e2fa51b','dabef1f6-aecb-4f2a-a02d-882fb720dd03','3','2025-02-21'),('091fe7db-2b7b-4a50-9967-e63bb69ab4c5','080bab45-5f65-4163-b0e2-e8fbcb745202','593e0985-15e7-4982-af5c-a131af3a19f0','Libero alias magnam nihil sit soluta ipsam minima itaque quam illum omnis culpa iusto voluptas.','2025-03-12'),('09408aca-ad03-4d1b-9862-a4ef75437a45','080bab45-5f65-4163-b0e2-e8fbcb745202','fb4e627e-1be3-44bf-ad22-4924723289c6','Dolore optio id eius architecto quo expedita magni perspiciatis sapiente.','2025-03-11'),('0d28788b-4bb8-493f-ae2f-c3d29da714c8','f4924c62-af09-4c22-8753-aa470f2202b1','dabef1f6-aecb-4f2a-a02d-882fb720dd03','Idiomas, Blandas','2025-03-09'),('10743380-8215-4500-b447-919e01d9ab3d','4bfd14c0-3fec-4385-a23f-04f8711811f1','764ec05a-55b9-46ec-b6df-9b96bb624710','3','2025-03-13'),('11033e6f-36fb-45e8-b7fa-17bd12c507da','54a853ce-d4a5-47f9-8300-6cf2cd436888','5bda2288-d5cf-4d32-9f7f-25b87c5a8841','Blandas, Idiomas','2025-03-16'),('11279b51-c4cb-468f-889b-a05225619721','8d85d7dc-a78c-4949-9243-fd1b17328f44','764ec05a-55b9-46ec-b6df-9b96bb624710','2','2025-02-18'),('112b1f62-0b17-4241-8107-717115651d70','d219b84e-a0aa-4b0d-8a3c-b9389b82ccd6','4cf73744-148f-4ee0-9230-506ed9f4cb23','Cumque laborum distinctio id animi fugiat voluptates eaque quos.','2025-02-22'),('11380a7b-193c-4bd0-abd9-08549eb8b2c8','c20e37a2-2f97-4a72-b14e-d57713556e81','96582413-895e-4628-ab29-313d510a86db','Blandas, Gestión, Idiomas, Técnicas','2025-03-12'),('116f852b-0546-45e0-92bd-37bb7e9f3e80','8d85d7dc-a78c-4949-9243-fd1b17328f44','004bff82-abd4-4a8d-83ab-4ad16c8a6b59','3','2025-02-20'),('120e71cc-90b1-4996-88ef-2753233bb4a9','54a853ce-d4a5-47f9-8300-6cf2cd436888','6a6acb1e-ab28-4728-8baa-27b667b0167c','Gestión, Blandas, Técnicas, Idiomas','2025-03-15'),('12524a92-bb76-489b-88bf-6c3426e5ac3f','a99cc550-306f-432b-8b36-fbea0c435e5e','81bbf792-749b-4351-a8b7-721f908bddf7','Architecto nisi ipsum perferendis sit doloribus aliquid ipsa molestiae quidem quod consequuntur.','2025-02-17'),('12676f39-2e91-4b76-8482-f0b047f6aaa3','a99cc550-306f-432b-8b36-fbea0c435e5e','95e0499e-5c94-48d2-a76d-473c8a942db8','Quaerat error est illum illo eos.','2025-02-17'),('12797ec9-fb84-45ef-a63d-f545def00a9b','b149b625-c3e4-458c-b9b4-568b7cd72918','24b4b414-0146-4bde-b753-18631c5ba77e','Voluptatem assumenda officia aliquam provident voluptatibus minima non facilis ullam.','2025-03-08'),('12b8b0b3-6a78-49e1-b0bf-627ca6c9bbc9','316ea863-2416-4087-addf-6884881f0c22','652b6b58-930b-46b9-809a-c62bdff6537c','Técnicas, Gestión, Idiomas','2025-02-22'),('12f9de79-d193-4b70-b6e7-0dba32242c04','54a853ce-d4a5-47f9-8300-6cf2cd436888','140cdfd3-8835-4e4a-8bf3-c47a60819f6f','Gestión, Idiomas, Técnicas','2025-03-16'),('1395dad6-01a9-4d98-9683-e67f2293ff46','080bab45-5f65-4163-b0e2-e8fbcb745202','652b6b58-930b-46b9-809a-c62bdff6537c','Placeat enim dolorem at voluptatem quis provident aut cumque error adipisci eveniet animi facere inventore doloribus illum placeat.','2025-03-15'),('1547ed8c-b0c1-4da8-bc7a-a525524f7c07','54a853ce-d4a5-47f9-8300-6cf2cd436888','888a3d8c-7ed5-4756-b9d5-0b4fa1f57540','Gestión, Blandas, Idiomas, Técnicas','2025-03-12'),('16893c43-aecc-48db-81d1-fac705f8ce74','006c0c45-b005-4cc7-9f1a-1a28328c8c59','599822d0-17bd-403e-896a-2dea7fc5bc44','Idiomas, Técnicas, Blandas, Gestión','2025-03-10'),('171ecd7b-1290-479e-9704-89590987f6c1','b149b625-c3e4-458c-b9b4-568b7cd72918','7c61f4ad-ef91-4929-a032-a3986a8d0008','Esse dolorem quam et quia veritatis.','2025-03-06'),('17741150-b1c9-479a-b8b7-5d01c93423a7','f4924c62-af09-4c22-8753-aa470f2202b1','f72d2d91-bcef-4deb-84f8-1fc1bb6832df','Gestión','2025-03-09'),('181c82b8-7d1f-4962-97f7-6135a491ffa6','080bab45-5f65-4163-b0e2-e8fbcb745202','4d9d21d7-2807-4576-9428-4d7e5b59591c','Reprehenderit rem illo architecto totam.','2025-03-10'),('18541c5f-63ef-4dfb-b0bf-966b0d685c07','9941f2f5-0eb0-44e4-8a2b-1b876e2fa51b','ea05a7cb-2294-4c5f-a391-190f1a8a862d','2','2025-02-21'),('185ad255-5539-44ed-96d4-6f48b6679249','7d03b31e-67b0-410f-8c6e-99a1bca4cef0','4cf73744-148f-4ee0-9230-506ed9f4cb23','Técnicas, Gestión, Blandas','2025-03-07'),('18e00cc6-3a3b-41de-a309-4df5bd5bad84','f4924c62-af09-4c22-8753-aa470f2202b1','a3fb95c4-c0e9-4df7-ba7a-3d8ba7fd23ca','Idiomas, Blandas, Gestión','2025-03-09'),('18ff2c53-9c47-4864-be4c-55fca0076ce2','d219b84e-a0aa-4b0d-8a3c-b9389b82ccd6','03c7a515-32a6-4b76-8ec6-6b0fd633e5c9','Molestiae quod minus a eum accusantium ut soluta rerum.','2025-02-19'),('19519505-971c-4e45-aa9d-3764a4e6e6a5','b149b625-c3e4-458c-b9b4-568b7cd72918','004bff82-abd4-4a8d-83ab-4ad16c8a6b59','Ipsum nisi eos doloremque provident praesentium iste porro unde ratione numquam optio ut incidunt molestias officia tenetur repudiandae architecto cumque esse quibusdam.','2025-03-09'),('19be82d1-0f31-4b97-afb5-01e5fb7bad41','b149b625-c3e4-458c-b9b4-568b7cd72918','f72d2d91-bcef-4deb-84f8-1fc1bb6832df','Quae ipsam tempore eum corporis commodi numquam nesciunt quae fugit nisi eos magni inventore recusandae beatae omnis soluta mollitia sint inventore suscipit impedit.','2025-03-06'),('19c5a326-bb4d-43ef-80ba-17ec4cf3c006','080bab45-5f65-4163-b0e2-e8fbcb745202','c449073a-fde0-4d59-b224-93c128983a8d','Commodi dolore excepturi nihil dolorem dolore architecto occaecati dolorem temporibus similique architecto dolores pariatur distinctio consequatur vel necessitatibus labore quos rem deleniti.','2025-03-16'),('19d454cb-be74-48ad-99a2-007ba547407f','a99cc550-306f-432b-8b36-fbea0c435e5e','a3fb95c4-c0e9-4df7-ba7a-3d8ba7fd23ca','Voluptatum debitis eos aut eveniet eos ipsum quaerat cumque ipsam ipsum quas tenetur nostrum ipsa odit recusandae animi perferendis illo maiores quibusdam cum adipisci.','2025-02-20'),('1a28c018-11ad-44c4-a0d2-28221a143df5','54a853ce-d4a5-47f9-8300-6cf2cd436888','fb238614-15db-4b50-8c75-d8c5253f1232','Gestión, Blandas','2025-03-11'),('1a2ef723-8fbf-40f0-a010-32becbbb061c','c20e37a2-2f97-4a72-b14e-d57713556e81','03c7a515-32a6-4b76-8ec6-6b0fd633e5c9','Blandas, Técnicas','2025-03-08'),('1a6bc588-e622-4493-949f-24fae5788d1d','4bfd14c0-3fec-4385-a23f-04f8711811f1','299dc48a-437a-4da2-aca1-2db4905150ed','3','2025-03-14'),('1b0a92ec-3630-47d8-a3ed-62565f2184db','4bfd14c0-3fec-4385-a23f-04f8711811f1','2d17178d-1f6d-451c-ab05-a2b9c6767bff','3','2025-03-11'),('1b148677-00c7-49ef-a501-d969e84b7739','f4924c62-af09-4c22-8753-aa470f2202b1','7c61f4ad-ef91-4929-a032-a3986a8d0008','Gestión, Blandas','2025-03-08'),('1b933654-8545-44d5-841c-f384f6e546b0','9941f2f5-0eb0-44e4-8a2b-1b876e2fa51b','96582413-895e-4628-ab29-313d510a86db','4','2025-02-17'),('1b954a74-d63b-48a7-a77b-070a757e371a','4bfd14c0-3fec-4385-a23f-04f8711811f1','c24cee00-ddd6-4acf-8a6a-41301e13332c','4','2025-03-11'),('1c0dd403-3e95-4be3-9ecf-0c42c0035920','080bab45-5f65-4163-b0e2-e8fbcb745202','599822d0-17bd-403e-896a-2dea7fc5bc44','Debitis quisquam ad quas velit distinctio reiciendis rerum architecto sed recusandae perferendis consequuntur esse.','2025-03-15'),('1d30b178-f60b-4188-b057-edd24c8e0b3a','080bab45-5f65-4163-b0e2-e8fbcb745202','001ccc25-1b8b-4112-8a81-93c4e352a39a','Porro culpa impedit.','2025-03-15'),('1f234f4c-25cd-446d-9bda-16f122307553','54a853ce-d4a5-47f9-8300-6cf2cd436888','81bbf792-749b-4351-a8b7-721f908bddf7','Técnicas, Idiomas, Gestión, Blandas','2025-03-12'),('1fcdb1eb-7c5c-4a24-b8bf-c94899d1f664','8d85d7dc-a78c-4949-9243-fd1b17328f44','7312fd63-07d9-46c4-9c47-aa53b9adbe7a','1','2025-02-20'),('2093b5a5-f460-4725-8ecc-78dac94bb0a3','a99cc550-306f-432b-8b36-fbea0c435e5e','04c9e750-dd32-428a-9168-f88cb9cf5f91','Quidem reiciendis repudiandae quis perspiciatis nisi.','2025-02-23'),('226c96ec-b459-4772-a1eb-1254c735f875','8d85d7dc-a78c-4949-9243-fd1b17328f44','299dc48a-437a-4da2-aca1-2db4905150ed','5','2025-02-22'),('22c03aed-ca44-4c39-9a82-d2c5b533f45d','7d03b31e-67b0-410f-8c6e-99a1bca4cef0','2d17178d-1f6d-451c-ab05-a2b9c6767bff','Gestión','2025-03-12'),('23d0a619-209d-4c64-8a98-b45e8022601a','316ea863-2416-4087-addf-6884881f0c22','599822d0-17bd-403e-896a-2dea7fc5bc44','Idiomas','2025-02-22'),('23e4cf86-c387-4140-8122-8e9b0556e8a6','54a853ce-d4a5-47f9-8300-6cf2cd436888','2e7a689f-0a39-40ce-82e6-94688511489c','Blandas, Técnicas, Idiomas','2025-03-12'),('241bc742-97e7-4dd6-a2e5-1c4fca327833','f4924c62-af09-4c22-8753-aa470f2202b1','593e0985-15e7-4982-af5c-a131af3a19f0','Técnicas, Gestión','2025-03-09'),('25973605-a96a-4054-91df-3ae94267b9ec','d219b84e-a0aa-4b0d-8a3c-b9389b82ccd6','299dc48a-437a-4da2-aca1-2db4905150ed','Ex iure aperiam rerum harum quo veniam accusantium sunt nemo labore velit error harum tempora saepe.','2025-02-20'),('2680fe91-b4c8-47ab-bf1e-28d1c0146cbc','c20e37a2-2f97-4a72-b14e-d57713556e81','599822d0-17bd-403e-896a-2dea7fc5bc44','Gestión','2025-03-08'),('270924fd-3540-4c23-82a3-965476b6250c','d219b84e-a0aa-4b0d-8a3c-b9389b82ccd6','764ec05a-55b9-46ec-b6df-9b96bb624710','Illum vel soluta labore dicta vitae eum officia tenetur at nemo modi quam vel.','2025-02-22'),('270cc5fe-5448-4d6a-9b1f-88c9236cc224','006c0c45-b005-4cc7-9f1a-1a28328c8c59','888a3d8c-7ed5-4756-b9d5-0b4fa1f57540','Blandas','2025-03-11'),('281f1668-3b4b-464f-96d2-55e7a09665ff','9941f2f5-0eb0-44e4-8a2b-1b876e2fa51b','140cdfd3-8835-4e4a-8bf3-c47a60819f6f','2','2025-02-19'),('286ba406-8ade-42cf-9c36-32f37898dd43','c20e37a2-2f97-4a72-b14e-d57713556e81','488147e6-e9ca-47a0-8a8b-477f82f7974c','Blandas','2025-03-11'),('291b33a2-0d9e-4ec0-8f4b-d38db50a2181','d219b84e-a0aa-4b0d-8a3c-b9389b82ccd6','3bdd4ff2-5d49-4672-bf8a-d06ce03cbfe5','Excepturi ratione eaque a quas saepe neque optio sint ipsum laborum ex quis fugiat ut sit.','2025-02-23'),('2a1be90f-e469-4510-851d-dcc726611149','a99cc550-306f-432b-8b36-fbea0c435e5e','9368b61c-71ed-4e78-9b5b-01169cbbba96','Doloribus possimus error placeat rem recusandae natus aliquam minus.','2025-02-18'),('2a35061d-758a-4a4e-9708-1af0f2877817','4bfd14c0-3fec-4385-a23f-04f8711811f1','63fc196e-f26c-4cf1-82af-976b1c29af5f','5','2025-03-11'),('2cc616f7-4f7e-4985-a02d-461c054802d8','54a853ce-d4a5-47f9-8300-6cf2cd436888','cd21ca50-6d97-4abe-83b0-e3458e5ae601','Técnicas, Gestión','2025-03-11'),('2e96a7a6-f1b8-4f6f-a6ba-224cc855b8e9','006c0c45-b005-4cc7-9f1a-1a28328c8c59','24b4b414-0146-4bde-b753-18631c5ba77e','Blandas, Gestión','2025-03-12'),('2ef6b7e5-10ac-48d4-a452-ff975af24e68','d219b84e-a0aa-4b0d-8a3c-b9389b82ccd6','b554dabe-0203-4f08-ad27-74805d7bdd42','Error optio vel consequatur blanditiis autem mollitia earum non.','2025-02-18'),('2fbadf0b-3cb9-4c0c-848a-195eb55d1ae7','d219b84e-a0aa-4b0d-8a3c-b9389b82ccd6','abdfea6f-23b4-4492-ae6d-46f856bbd734','Vitae consequuntur vitae similique quam.','2025-02-23'),('2ffc90a9-0ee7-46e6-bc15-1778cecb59b0','316ea863-2416-4087-addf-6884881f0c22','42cc9945-ba71-4e4c-ab66-2f3e1720f493','Blandas','2025-02-20'),('319b119f-aacc-4abb-ad92-1e169bc0eb46','54a853ce-d4a5-47f9-8300-6cf2cd436888','7c61f4ad-ef91-4929-a032-a3986a8d0008','Blandas, Gestión, Idiomas, Técnicas','2025-03-16'),('3322eb01-0f20-42ad-ad56-22cc112c1ab0','c20e37a2-2f97-4a72-b14e-d57713556e81','299dc48a-437a-4da2-aca1-2db4905150ed','Idiomas, Técnicas, Gestión, Blandas','2025-03-10'),('33c7e533-a7c3-4750-af36-960bfa72c38e','a99cc550-306f-432b-8b36-fbea0c435e5e','593e0985-15e7-4982-af5c-a131af3a19f0','Numquam id aspernatur eveniet perferendis modi veritatis occaecati.','2025-02-22'),('34544cec-8292-4d59-a074-debd74ef5da1','f4924c62-af09-4c22-8753-aa470f2202b1','15d5c188-0ca4-48ee-9482-962be42b0345','Idiomas, Gestión, Blandas, Técnicas','2025-03-11'),('3466e3d9-e282-4a37-a2bf-1422813a5954','316ea863-2416-4087-addf-6884881f0c22','03c7a515-32a6-4b76-8ec6-6b0fd633e5c9','Técnicas, Blandas, Gestión','2025-02-21'),('34939d4e-107c-40f1-bf1e-f64ca8206722','9941f2f5-0eb0-44e4-8a2b-1b876e2fa51b','4cf73744-148f-4ee0-9230-506ed9f4cb23','1','2025-02-17'),('34a6b4ce-6580-411a-a704-ae622d1d837f','9941f2f5-0eb0-44e4-8a2b-1b876e2fa51b','fb4e627e-1be3-44bf-ad22-4924723289c6','1','2025-02-18'),('34c56216-4a88-468a-b2d9-09f02249b621','c20e37a2-2f97-4a72-b14e-d57713556e81','31c007e6-c249-4729-907d-2ee477d1c7c9','Técnicas','2025-03-11'),('357cae46-5e91-4a6c-ba76-5afda9d93656','54a853ce-d4a5-47f9-8300-6cf2cd436888','f9892ee4-8220-4945-8527-d94b08029c51','Gestión, Idiomas','2025-03-14'),('35db3548-8b2c-464d-92bb-712a3e7d1e7d','a99cc550-306f-432b-8b36-fbea0c435e5e','d44b41fd-eed9-4e55-b451-cddd43566825','Nihil neque cupiditate numquam temporibus excepturi unde aliquam sint aspernatur veniam quo eaque.','2025-02-18'),('36373550-dfda-4583-8de5-091ed65544f4','e90c9e44-2183-47b4-83ab-5274948994fe','6a6acb1e-ab28-4728-8baa-27b667b0167c','Blandas','2025-03-11'),('368126c2-bac0-4ddd-ac02-b00046d65244','c20e37a2-2f97-4a72-b14e-d57713556e81','7312fd63-07d9-46c4-9c47-aa53b9adbe7a','Técnicas, Idiomas','2025-03-08'),('36d3b81f-23ba-444d-973f-2bd3df67be4a','006c0c45-b005-4cc7-9f1a-1a28328c8c59','fb4e627e-1be3-44bf-ad22-4924723289c6','Técnicas','2025-03-14'),('36e6a9c1-daea-49ae-a61a-dc8faadc1c47','e90c9e44-2183-47b4-83ab-5274948994fe','fb4e627e-1be3-44bf-ad22-4924723289c6','Gestión, Técnicas','2025-03-12'),('3878f682-c4e0-42ad-89d7-95606e3b775e','4bfd14c0-3fec-4385-a23f-04f8711811f1','4cf73744-148f-4ee0-9230-506ed9f4cb23','2','2025-03-12'),('39226203-9de3-48bf-825f-5b5d29bda24b','4bfd14c0-3fec-4385-a23f-04f8711811f1','5bda2288-d5cf-4d32-9f7f-25b87c5a8841','5','2025-03-15'),('3a2b8a95-4b44-4b29-81b2-7df17476d858','e90c9e44-2183-47b4-83ab-5274948994fe','488147e6-e9ca-47a0-8a8b-477f82f7974c','Gestión, Idiomas, Técnicas, Blandas','2025-03-06'),('3a34e92b-0f23-4074-8ce2-01fe65b78412','a99cc550-306f-432b-8b36-fbea0c435e5e','dabef1f6-aecb-4f2a-a02d-882fb720dd03','Molestias voluptate facere id deleniti commodi sed iste optio.','2025-02-17'),('3aadbae3-b2b2-4158-be23-3ea959d825b4','b149b625-c3e4-458c-b9b4-568b7cd72918','91c3591b-680a-462c-8ca1-8ef0b5874272','Amet natus facere enim harum ipsum mollitia.','2025-03-12'),('3aca6f72-302d-4ccb-acfd-2a22d6c251bf','316ea863-2416-4087-addf-6884881f0c22','31c007e6-c249-4729-907d-2ee477d1c7c9','Idiomas, Técnicas','2025-02-23'),('3b041287-7946-4a23-9eed-b180b767640d','316ea863-2416-4087-addf-6884881f0c22','b554dabe-0203-4f08-ad27-74805d7bdd42','Gestión, Idiomas, Blandas','2025-02-17'),('3b48bf50-df6e-4253-b8ca-cb38816bb1d1','c20e37a2-2f97-4a72-b14e-d57713556e81','c24cee00-ddd6-4acf-8a6a-41301e13332c','Gestión, Blandas, Técnicas, Idiomas','2025-03-11'),('3bc40d3b-0ac2-492c-82c2-ac8610fa02e1','c20e37a2-2f97-4a72-b14e-d57713556e81','ac7631eb-a9c4-4c74-8570-ba6f138262e7','Idiomas, Gestión, Blandas','2025-03-08'),('3c11f5d7-4ec6-4507-b62a-e4cc33fe38bf','8d85d7dc-a78c-4949-9243-fd1b17328f44','9368b61c-71ed-4e78-9b5b-01169cbbba96','4','2025-02-21'),('3d35f39d-33ab-43ac-8bae-9dfcbcf40369','d219b84e-a0aa-4b0d-8a3c-b9389b82ccd6','31c007e6-c249-4729-907d-2ee477d1c7c9','Asperiores similique aliquam accusantium ullam similique nemo nemo quae.','2025-02-18'),('3e04bff1-6ffb-4741-8376-7d4cfefea84c','f4924c62-af09-4c22-8753-aa470f2202b1','ea05a7cb-2294-4c5f-a391-190f1a8a862d','Idiomas','2025-03-08'),('3e07e68b-cf09-4eac-af23-d243b21fc66b','7d03b31e-67b0-410f-8c6e-99a1bca4cef0','7312fd63-07d9-46c4-9c47-aa53b9adbe7a','Gestión','2025-03-11'),('3ea35ae6-7669-438e-a83d-fc2b7d9c25d5','316ea863-2416-4087-addf-6884881f0c22','04c9e750-dd32-428a-9168-f88cb9cf5f91','Blandas','2025-02-22'),('3eb9c823-fee1-45e9-8c4e-1af8106b9dcc','54a853ce-d4a5-47f9-8300-6cf2cd436888','24b4b414-0146-4bde-b753-18631c5ba77e','Idiomas, Gestión','2025-03-10'),('3f3b5348-15ca-48ad-9c44-e5ac2f59a350','b149b625-c3e4-458c-b9b4-568b7cd72918','03c7a515-32a6-4b76-8ec6-6b0fd633e5c9','Dolores dolores necessitatibus aspernatur quasi repellendus voluptate minus commodi optio veniam cumque minus non vitae ut quidem porro quae.','2025-03-06'),('40084ec6-fc48-40da-96f0-fa37fe5f8eb1','8d85d7dc-a78c-4949-9243-fd1b17328f44','04c9e750-dd32-428a-9168-f88cb9cf5f91','3','2025-02-17'),('410bd5b9-c2f8-49b6-9525-c61fa33e891a','080bab45-5f65-4163-b0e2-e8fbcb745202','140cdfd3-8835-4e4a-8bf3-c47a60819f6f','Quis nemo minus id officiis dolorum beatae quasi libero harum.','2025-03-15'),('411be42d-8113-4936-8e44-fb40e402fa38','54a853ce-d4a5-47f9-8300-6cf2cd436888','16d327f8-69e3-4ea2-b844-67acd427d5b2','Técnicas, Idiomas, Gestión, Blandas','2025-03-16'),('4157d7cf-a96b-44e0-a3b9-4a4923b615e8','a99cc550-306f-432b-8b36-fbea0c435e5e','cd21ca50-6d97-4abe-83b0-e3458e5ae601','Repellendus mollitia iste et eum voluptas illo maiores voluptates omnis molestiae impedit deleniti.','2025-02-23'),('428fffc2-d493-4e9a-8b23-adf19966e713','b149b625-c3e4-458c-b9b4-568b7cd72918','140cdfd3-8835-4e4a-8bf3-c47a60819f6f','Pariatur quae mollitia enim error culpa quae.','2025-03-07'),('4337547c-499b-4989-b8e7-dd6ea510f0c9','8d85d7dc-a78c-4949-9243-fd1b17328f44','3bdd4ff2-5d49-4672-bf8a-d06ce03cbfe5','1','2025-02-18'),('443b8365-ee72-41d3-830c-bbb9b3680019','7d03b31e-67b0-410f-8c6e-99a1bca4cef0','15d5c188-0ca4-48ee-9482-962be42b0345','Técnicas, Blandas, Idiomas, Gestión','2025-03-09'),('44c8b236-daa0-4796-8301-beab9251e6f2','a99cc550-306f-432b-8b36-fbea0c435e5e','96582413-895e-4628-ab29-313d510a86db','Autem doloremque ad sunt natus totam dolore aperiam reprehenderit tenetur.','2025-02-22'),('45375a33-3027-4f4f-be90-fe0993d62ac8','4bfd14c0-3fec-4385-a23f-04f8711811f1','7c61f4ad-ef91-4929-a032-a3986a8d0008','4','2025-03-10'),('45563a3c-ac74-448b-8de5-5ad04b6578ef','d219b84e-a0aa-4b0d-8a3c-b9389b82ccd6','f72d2d91-bcef-4deb-84f8-1fc1bb6832df','Dolorum cupiditate optio ad accusamus ratione dolores eum cupiditate amet.','2025-02-19'),('46186072-6df9-4530-9138-fd9b2fe225cc','a99cc550-306f-432b-8b36-fbea0c435e5e','4d9d21d7-2807-4576-9428-4d7e5b59591c','Soluta et omnis id totam itaque eaque doloribus natus ea nesciunt tempore id dolor voluptatum magni at aliquid.','2025-02-17'),('4644cfc3-b431-42b0-ad5f-d3feb6214266','e90c9e44-2183-47b4-83ab-5274948994fe','31c007e6-c249-4729-907d-2ee477d1c7c9','Idiomas, Gestión, Blandas','2025-03-06'),('468032be-d85b-4692-9d8b-53a296949d33','316ea863-2416-4087-addf-6884881f0c22','f9892ee4-8220-4945-8527-d94b08029c51','Idiomas','2025-02-23'),('46c99d1c-7d7b-4c25-9e3f-c8af732f4e15','006c0c45-b005-4cc7-9f1a-1a28328c8c59','593e0985-15e7-4982-af5c-a131af3a19f0','Técnicas','2025-03-10'),('47309900-0543-4921-8315-a95699bb8b32','f4924c62-af09-4c22-8753-aa470f2202b1','d44b41fd-eed9-4e55-b451-cddd43566825','Blandas, Gestión, Técnicas','2025-03-07'),('4779163c-3f08-445c-a77e-c6e3b5b72446','9941f2f5-0eb0-44e4-8a2b-1b876e2fa51b','ac7631eb-a9c4-4c74-8570-ba6f138262e7','4','2025-02-20'),('47f1e3f6-7a89-470c-86f3-d5be9d2508a0','4bfd14c0-3fec-4385-a23f-04f8711811f1','599822d0-17bd-403e-896a-2dea7fc5bc44','4','2025-03-12'),('483fc061-8bb3-4527-a3dc-834065d10b95','b149b625-c3e4-458c-b9b4-568b7cd72918','cd21ca50-6d97-4abe-83b0-e3458e5ae601','Numquam libero ipsam amet eaque consectetur enim sunt laborum adipisci occaecati reiciendis quae est accusamus illum dolore sapiente beatae veniam.','2025-03-06'),('48caf1b8-2c9b-4ac8-beff-26f4f9322c62','c20e37a2-2f97-4a72-b14e-d57713556e81','fb238614-15db-4b50-8c75-d8c5253f1232','Idiomas','2025-03-12'),('48d9c44e-fc59-4c22-af05-2cbdaef52789','a99cc550-306f-432b-8b36-fbea0c435e5e','2e7a689f-0a39-40ce-82e6-94688511489c','Blanditiis dignissimos nesciunt at magni repellat iste maiores itaque animi.','2025-02-23'),('4a806ced-faef-46e3-a540-99b6294cd7d7','b149b625-c3e4-458c-b9b4-568b7cd72918','16d327f8-69e3-4ea2-b844-67acd427d5b2','Voluptatum fugiat adipisci ut saepe officiis recusandae.','2025-03-08'),('4ab298b7-b5ee-4270-b78f-9454f71d5fe0','9941f2f5-0eb0-44e4-8a2b-1b876e2fa51b','7c61f4ad-ef91-4929-a032-a3986a8d0008','1','2025-02-20'),('4b649d40-13da-430c-af1d-5492eb820c93','4bfd14c0-3fec-4385-a23f-04f8711811f1','ac7631eb-a9c4-4c74-8570-ba6f138262e7','2','2025-03-14'),('4b6d1d98-365c-4036-9bf8-1195d83de672','f4924c62-af09-4c22-8753-aa470f2202b1','6a6acb1e-ab28-4728-8baa-27b667b0167c','Blandas, Idiomas, Técnicas','2025-03-12'),('4c4d877c-b73b-4069-b006-fee2f78a7263','080bab45-5f65-4163-b0e2-e8fbcb745202','ac7631eb-a9c4-4c74-8570-ba6f138262e7','Magni culpa laboriosam sed expedita nam beatae eius dolorem inventore natus quisquam numquam perferendis nam non omnis possimus adipisci earum quis.','2025-03-10'),('4cecfb1c-d648-4cb1-ba08-fb40fc54eb66','9941f2f5-0eb0-44e4-8a2b-1b876e2fa51b','15d5c188-0ca4-48ee-9482-962be42b0345','4','2025-02-18'),('4d61d72f-5371-4782-aeeb-20bff03888a9','7d03b31e-67b0-410f-8c6e-99a1bca4cef0','dabef1f6-aecb-4f2a-a02d-882fb720dd03','Blandas, Idiomas','2025-03-09'),('50659451-d160-44fa-ba95-c727cd43fabc','c20e37a2-2f97-4a72-b14e-d57713556e81','5bda2288-d5cf-4d32-9f7f-25b87c5a8841','Idiomas, Blandas, Técnicas, Gestión','2025-03-12'),('50a5806c-7ffa-4f69-b005-1dbcb2f4975b','4bfd14c0-3fec-4385-a23f-04f8711811f1','001ccc25-1b8b-4112-8a81-93c4e352a39a','1','2025-03-14'),('50fe44df-8c92-4264-aeba-5fd6cb03e239','006c0c45-b005-4cc7-9f1a-1a28328c8c59','299dc48a-437a-4da2-aca1-2db4905150ed','Idiomas, Técnicas','2025-03-11'),('515f038a-42ce-4e03-8f70-e0dd5060e9c4','e90c9e44-2183-47b4-83ab-5274948994fe','16469a9e-f192-428b-be9d-0ad01f8b0a66','Blandas, Idiomas','2025-03-06'),('5173d9d1-9499-49f1-a6d2-ec812933ac53','b149b625-c3e4-458c-b9b4-568b7cd72918','d44b41fd-eed9-4e55-b451-cddd43566825','Quisquam impedit odit libero occaecati enim.','2025-03-08'),('51c5c5b2-c7df-472c-9925-e2af23d8a6c7','54a853ce-d4a5-47f9-8300-6cf2cd436888','16469a9e-f192-428b-be9d-0ad01f8b0a66','Blandas, Idiomas, Gestión, Técnicas','2025-03-11'),('523bf706-5624-4b3c-b77f-eeaa4b6487e7','e90c9e44-2183-47b4-83ab-5274948994fe','ac7631eb-a9c4-4c74-8570-ba6f138262e7','Blandas','2025-03-10'),('5268ecb5-730f-4fbe-84a5-eaf911487d8a','f4924c62-af09-4c22-8753-aa470f2202b1','63fc196e-f26c-4cf1-82af-976b1c29af5f','Gestión','2025-03-10'),('563e381a-f91f-4c6a-82f9-bb226f74de67','316ea863-2416-4087-addf-6884881f0c22','001ccc25-1b8b-4112-8a81-93c4e352a39a','Técnicas','2025-02-18'),('564f0811-a806-4e35-bffe-929022f9f9da','d219b84e-a0aa-4b0d-8a3c-b9389b82ccd6','81bbf792-749b-4351-a8b7-721f908bddf7','Minus reprehenderit dolorum expedita eius vel quam beatae repellat in quisquam sunt accusamus.','2025-02-22'),('5652b0c3-ed32-4a05-bcbf-283828aac446','8d85d7dc-a78c-4949-9243-fd1b17328f44','2e7a689f-0a39-40ce-82e6-94688511489c','5','2025-02-19'),('567fc098-fd50-4f17-bb47-d93dc9a5250e','d219b84e-a0aa-4b0d-8a3c-b9389b82ccd6','652b6b58-930b-46b9-809a-c62bdff6537c','Cumque aspernatur sit nulla dolores totam corporis itaque ducimus ducimus ab rem temporibus perspiciatis culpa.','2025-02-20'),('56b9f006-4deb-4aeb-8043-d03ec0a61d25','4bfd14c0-3fec-4385-a23f-04f8711811f1','ea05a7cb-2294-4c5f-a391-190f1a8a862d','3','2025-03-11'),('57114f6e-aa8d-457d-927e-b78d130f5634','e90c9e44-2183-47b4-83ab-5274948994fe','ea05a7cb-2294-4c5f-a391-190f1a8a862d','Gestión','2025-03-09'),('57321d8c-e784-4a14-8b2e-d52335b470e7','e90c9e44-2183-47b4-83ab-5274948994fe','be98317f-d4a8-48a8-9087-220fe8854880','Técnicas, Blandas','2025-03-07'),('5807cf99-43ee-4556-b7fb-f4f8c9db094a','b149b625-c3e4-458c-b9b4-568b7cd72918','6a6acb1e-ab28-4728-8baa-27b667b0167c','Eos eius modi cumque itaque quia quisquam mollitia beatae beatae quod reprehenderit facilis reprehenderit aliquam.','2025-03-06'),('591ceca3-40bd-4a3b-bc82-1ed10bc0e378','f4924c62-af09-4c22-8753-aa470f2202b1','fb238614-15db-4b50-8c75-d8c5253f1232','Gestión, Técnicas, Idiomas','2025-03-06'),('59aea06a-8156-40d8-aef3-08ef339034b6','a99cc550-306f-432b-8b36-fbea0c435e5e','001ccc25-1b8b-4112-8a81-93c4e352a39a','Quis maiores autem dolores commodi ipsum consequuntur amet veniam sint in.','2025-02-18'),('59f8b840-33d6-4ce8-9364-551aa3beff00','f4924c62-af09-4c22-8753-aa470f2202b1','ab814ce1-6b5c-4703-ae8c-be88a869591d','Técnicas, Blandas, Idiomas','2025-03-08'),('5a72360b-7a47-462c-b0f3-3b908f4cf8f7','b149b625-c3e4-458c-b9b4-568b7cd72918','599822d0-17bd-403e-896a-2dea7fc5bc44','Alias voluptas praesentium repellat nisi totam autem dolorum optio cumque nostrum natus officia officia vitae ex recusandae autem atque dolore.','2025-03-11'),('5a7f98e8-0c2d-43e4-aa5d-fc4e3ed03b44','b149b625-c3e4-458c-b9b4-568b7cd72918','16469a9e-f192-428b-be9d-0ad01f8b0a66','Eius provident recusandae neque reiciendis.','2025-03-11'),('5b60cac2-a43d-4148-97f1-e5702e508928','080bab45-5f65-4163-b0e2-e8fbcb745202','15d5c188-0ca4-48ee-9482-962be42b0345','Quam deleniti eaque perferendis nobis sit deleniti quis quam nam laboriosam sit ex vero accusamus vel vitae.','2025-03-11'),('5ba3ed30-a070-4a24-90ef-fb712bf46b33','316ea863-2416-4087-addf-6884881f0c22','81bbf792-749b-4351-a8b7-721f908bddf7','Técnicas, Gestión, Blandas, Idiomas','2025-02-23'),('5d993a82-43cf-4c6e-9c4b-0599e2276d4b','4bfd14c0-3fec-4385-a23f-04f8711811f1','ab814ce1-6b5c-4703-ae8c-be88a869591d','4','2025-03-11'),('5e3839a0-ffde-4356-8a6e-82e8b976f6cd','e90c9e44-2183-47b4-83ab-5274948994fe','42cc9945-ba71-4e4c-ab66-2f3e1720f493','Idiomas, Gestión','2025-03-06'),('5fc3706f-df5e-4cb5-aa67-8cc1c39f1c71','006c0c45-b005-4cc7-9f1a-1a28328c8c59','652b6b58-930b-46b9-809a-c62bdff6537c','Técnicas, Idiomas, Blandas, Gestión','2025-03-16'),('61aae979-68e7-4858-b4fd-d847f1b48e7c','4bfd14c0-3fec-4385-a23f-04f8711811f1','31c007e6-c249-4729-907d-2ee477d1c7c9','3','2025-03-15'),('62979192-3bff-4a01-a479-e8b00af31ed1','a99cc550-306f-432b-8b36-fbea0c435e5e','91c3591b-680a-462c-8ca1-8ef0b5874272','Inventore sunt quas quisquam facilis.','2025-02-18'),('62b4b8bd-558c-485e-843b-d83a3dff2b9f','b149b625-c3e4-458c-b9b4-568b7cd72918','81bbf792-749b-4351-a8b7-721f908bddf7','Doloremque totam nemo neque quo repellendus dolores.','2025-03-06'),('64c2428f-67a4-4fa0-baa0-8fa51368f9f3','006c0c45-b005-4cc7-9f1a-1a28328c8c59','abdfea6f-23b4-4492-ae6d-46f856bbd734','Idiomas','2025-03-14'),('65bb0773-c039-4c37-a041-4d85513134a2','e90c9e44-2183-47b4-83ab-5274948994fe','96582413-895e-4628-ab29-313d510a86db','Blandas, Idiomas','2025-03-07'),('65cf5bec-97e4-4e12-986e-61b2e452471e','080bab45-5f65-4163-b0e2-e8fbcb745202','81bbf792-749b-4351-a8b7-721f908bddf7','Voluptatem iure quaerat.','2025-03-15'),('664e60ca-ca2f-465f-97a4-dc95592ee5c0','080bab45-5f65-4163-b0e2-e8fbcb745202','03c7a515-32a6-4b76-8ec6-6b0fd633e5c9','Quibusdam quisquam excepturi eos culpa a quam quaerat voluptas quis magni autem numquam sapiente magni dicta fugiat.','2025-03-13'),('66b35c75-bb0d-4810-a1be-85d77339ee84','d219b84e-a0aa-4b0d-8a3c-b9389b82ccd6','7c61f4ad-ef91-4929-a032-a3986a8d0008','Laborum quidem porro officia laudantium recusandae at dolore porro esse neque labore minus incidunt quia ex praesentium.','2025-02-18'),('6704dcd8-a2a3-4c4e-a505-ab4dc29522bf','080bab45-5f65-4163-b0e2-e8fbcb745202','3bdd4ff2-5d49-4672-bf8a-d06ce03cbfe5','Impedit laboriosam iusto itaque corporis deleniti nobis quia consequatur architecto.','2025-03-14'),('685d616a-2fa9-454e-aaa1-05e830d67b87','9941f2f5-0eb0-44e4-8a2b-1b876e2fa51b','3bdd4ff2-5d49-4672-bf8a-d06ce03cbfe5','4','2025-02-22'),('691b2423-485b-494b-a5c4-17b9384e708e','006c0c45-b005-4cc7-9f1a-1a28328c8c59','d44b41fd-eed9-4e55-b451-cddd43566825','Gestión, Técnicas, Idiomas, Blandas','2025-03-16'),('69b06302-6c4b-4d2f-8843-bf119c14dece','a99cc550-306f-432b-8b36-fbea0c435e5e','16d327f8-69e3-4ea2-b844-67acd427d5b2','Repellendus suscipit ut impedit id fugiat.','2025-02-20'),('69fa8d34-932e-4928-a669-a32e224ea314','316ea863-2416-4087-addf-6884881f0c22','16d327f8-69e3-4ea2-b844-67acd427d5b2','Gestión','2025-02-19'),('69fe53e5-a9bc-41d8-b3a6-bfc439ec9654','a99cc550-306f-432b-8b36-fbea0c435e5e','599822d0-17bd-403e-896a-2dea7fc5bc44','Omnis quaerat ratione asperiores voluptatibus laboriosam id magni ullam porro.','2025-02-20'),('6a08b6ce-59e2-4429-8845-c949f5f4e3f1','4bfd14c0-3fec-4385-a23f-04f8711811f1','6a6acb1e-ab28-4728-8baa-27b667b0167c','2','2025-03-16'),('6afd69b0-4865-473d-8645-0c698ba9d900','8d85d7dc-a78c-4949-9243-fd1b17328f44','7c61f4ad-ef91-4929-a032-a3986a8d0008','4','2025-02-20'),('6c18c6d5-e55a-44ba-9aee-998679f19b11','d219b84e-a0aa-4b0d-8a3c-b9389b82ccd6','001ccc25-1b8b-4112-8a81-93c4e352a39a','Dignissimos non est quaerat quasi similique voluptate.','2025-02-17'),('6ca00694-d046-4057-87eb-6cd175093bb9','006c0c45-b005-4cc7-9f1a-1a28328c8c59','ab814ce1-6b5c-4703-ae8c-be88a869591d','Gestión','2025-03-13'),('6cc4ee2a-3e9d-48b6-9eae-43e23f79f1c2','d219b84e-a0aa-4b0d-8a3c-b9389b82ccd6','a3fb95c4-c0e9-4df7-ba7a-3d8ba7fd23ca','Explicabo quos sint ex commodi facilis suscipit quia tempora harum voluptate libero libero unde maxime reiciendis quas aspernatur.','2025-02-23'),('6df1dc7b-6c55-49dd-917d-e779b8a55881','54a853ce-d4a5-47f9-8300-6cf2cd436888','96582413-895e-4628-ab29-313d510a86db','Técnicas','2025-03-13'),('6f0ad830-8129-4011-b3e5-623335b96071','8d85d7dc-a78c-4949-9243-fd1b17328f44','652b6b58-930b-46b9-809a-c62bdff6537c','1','2025-02-20'),('6f4c27e4-a800-44bf-b59d-0225f5ee7edb','f4924c62-af09-4c22-8753-aa470f2202b1','888a3d8c-7ed5-4756-b9d5-0b4fa1f57540','Técnicas','2025-03-09'),('6f59bd3e-7eaa-4a52-90b8-9f1d4064dd30','f4924c62-af09-4c22-8753-aa470f2202b1','abdfea6f-23b4-4492-ae6d-46f856bbd734','Idiomas, Gestión','2025-03-07'),('6f6f11f2-e096-4897-8ba0-49cafc0bc848','f4924c62-af09-4c22-8753-aa470f2202b1','ac7631eb-a9c4-4c74-8570-ba6f138262e7','Idiomas','2025-03-12'),('6f8b9b14-eaaf-4b0f-8bc3-57d1fd1676dd','9941f2f5-0eb0-44e4-8a2b-1b876e2fa51b','488147e6-e9ca-47a0-8a8b-477f82f7974c','5','2025-02-22'),('6ffb3bba-4895-43b5-9163-aac79687dfaa','b149b625-c3e4-458c-b9b4-568b7cd72918','299dc48a-437a-4da2-aca1-2db4905150ed','Assumenda inventore sint delectus ea eveniet.','2025-03-07'),('704d7d4a-bcda-4e50-b3b6-08435094451f','080bab45-5f65-4163-b0e2-e8fbcb745202','a3fb95c4-c0e9-4df7-ba7a-3d8ba7fd23ca','Voluptatem laboriosam delectus consequatur quaerat velit alias dicta ratione suscipit et est id repellendus labore alias officia.','2025-03-11'),('70712040-5089-4ec6-8281-fa8eeebc55a9','d219b84e-a0aa-4b0d-8a3c-b9389b82ccd6','16469a9e-f192-428b-be9d-0ad01f8b0a66','Quos maxime expedita atque quam iste architecto aliquid quae ad exercitationem autem reiciendis ut qui maiores mollitia.','2025-02-20'),('70b4a154-ab19-48c1-8da2-0c0c14bf6357','d219b84e-a0aa-4b0d-8a3c-b9389b82ccd6','dabef1f6-aecb-4f2a-a02d-882fb720dd03','Vel eius porro dolor ipsam doloremque facilis voluptatem.','2025-02-17'),('72377b6f-85dd-4050-b681-35db9ced2355','7d03b31e-67b0-410f-8c6e-99a1bca4cef0','f72d2d91-bcef-4deb-84f8-1fc1bb6832df','Gestión, Idiomas, Blandas, Técnicas','2025-03-06'),('7246d821-c8b0-4a78-982a-580e95aef544','8d85d7dc-a78c-4949-9243-fd1b17328f44','c449073a-fde0-4d59-b224-93c128983a8d','5','2025-02-19'),('727e8209-292f-45e9-ab5b-70178b3b3d92','d219b84e-a0aa-4b0d-8a3c-b9389b82ccd6','cd21ca50-6d97-4abe-83b0-e3458e5ae601','Aliquam quidem iusto officiis totam delectus nesciunt odio laudantium at expedita ex pariatur similique ex possimus enim.','2025-02-17'),('73b45ec5-543a-4c52-857b-ff993096f22a','080bab45-5f65-4163-b0e2-e8fbcb745202','31c007e6-c249-4729-907d-2ee477d1c7c9','Laborum pariatur aliquid hic nobis ab error distinctio consequatur ducimus eveniet ab quia cupiditate fugit provident magnam rerum.','2025-03-12'),('749b90f5-17a8-4daa-baad-5de328c09604','b149b625-c3e4-458c-b9b4-568b7cd72918','15d5c188-0ca4-48ee-9482-962be42b0345','Est aliquid sint qui accusamus mollitia nesciunt quam eos deserunt dolorem necessitatibus doloribus mollitia velit excepturi quis laborum.','2025-03-07'),('74fce4b1-1371-49fb-87ba-8ecf00085fbb','316ea863-2416-4087-addf-6884881f0c22','24b4b414-0146-4bde-b753-18631c5ba77e','Blandas, Gestión, Idiomas','2025-02-22'),('752d01d4-f326-4f77-b8e2-17e35f164c6c','c20e37a2-2f97-4a72-b14e-d57713556e81','5cff3a4d-6540-45fa-8aec-9d0d476f214d','Gestión','2025-03-10'),('75554764-047a-4154-8864-dc047b7854ab','4bfd14c0-3fec-4385-a23f-04f8711811f1','24b4b414-0146-4bde-b753-18631c5ba77e','3','2025-03-10'),('7585ae82-a455-4166-8fc4-64f91946579c','f4924c62-af09-4c22-8753-aa470f2202b1','42cc9945-ba71-4e4c-ab66-2f3e1720f493','Gestión, Idiomas','2025-03-08'),('75af0513-7698-4380-8ffe-ea7cb9f56ce4','8d85d7dc-a78c-4949-9243-fd1b17328f44','abdfea6f-23b4-4492-ae6d-46f856bbd734','3','2025-02-21'),('761dce6a-df4c-495a-acfa-662360de0b5c','7d03b31e-67b0-410f-8c6e-99a1bca4cef0','3bdd4ff2-5d49-4672-bf8a-d06ce03cbfe5','Técnicas, Gestión, Blandas','2025-03-12'),('762cd45e-20ae-4bb6-b54e-636d87486906','e90c9e44-2183-47b4-83ab-5274948994fe','95e0499e-5c94-48d2-a76d-473c8a942db8','Gestión, Técnicas, Idiomas, Blandas','2025-03-07'),('76dc2194-dcee-42ba-809c-85b50e5c5fd9','316ea863-2416-4087-addf-6884881f0c22','96582413-895e-4628-ab29-313d510a86db','Blandas, Técnicas, Gestión','2025-02-18'),('774f3640-8913-4ef7-aced-37e8e717dcac','d219b84e-a0aa-4b0d-8a3c-b9389b82ccd6','2d17178d-1f6d-451c-ab05-a2b9c6767bff','Dolorem mollitia fugiat delectus nesciunt fugit quo eos doloribus asperiores eaque fugit quos culpa harum facere at velit.','2025-02-20'),('77ab10f1-48bf-4636-8a75-bed3fec908fc','8d85d7dc-a78c-4949-9243-fd1b17328f44','03c7a515-32a6-4b76-8ec6-6b0fd633e5c9','4','2025-02-18'),('7842ddf0-4534-4642-8a4b-6b6610556a8f','b149b625-c3e4-458c-b9b4-568b7cd72918','31c007e6-c249-4729-907d-2ee477d1c7c9','Asperiores odio minus deserunt quod expedita vero officia corporis aut ducimus cupiditate corrupti quis.','2025-03-08'),('784b5964-ce23-4390-a7e8-243b95b33ecc','a99cc550-306f-432b-8b36-fbea0c435e5e','fb238614-15db-4b50-8c75-d8c5253f1232','Labore sed error provident rem totam natus voluptas nam consequatur doloribus dignissimos.','2025-02-17'),('786bde3c-0a1e-4573-9844-6a10d65fe663','b149b625-c3e4-458c-b9b4-568b7cd72918','ac7631eb-a9c4-4c74-8570-ba6f138262e7','At minus fugiat iste culpa est eveniet velit.','2025-03-12'),('788d9e21-a5e1-48c9-b5c0-ef649be9913a','54a853ce-d4a5-47f9-8300-6cf2cd436888','63fc196e-f26c-4cf1-82af-976b1c29af5f','Blandas, Gestión, Técnicas, Idiomas','2025-03-12'),('797cc899-553e-4058-ac74-06709bdf9ded','316ea863-2416-4087-addf-6884881f0c22','764ec05a-55b9-46ec-b6df-9b96bb624710','Blandas, Idiomas','2025-02-18'),('7a75e00d-e68c-4964-9f81-6b6f172ba7f0','080bab45-5f65-4163-b0e2-e8fbcb745202','04c9e750-dd32-428a-9168-f88cb9cf5f91','Doloremque quidem veritatis error quam accusamus officiis possimus aperiam blanditiis esse illo magnam tempora provident est blanditiis totam.','2025-03-15'),('7ac7bc41-d5ea-44d5-90c7-35a7b63ec960','54a853ce-d4a5-47f9-8300-6cf2cd436888','2d17178d-1f6d-451c-ab05-a2b9c6767bff','Técnicas, Gestión','2025-03-15'),('7b3aa61d-0ba0-4a8c-9359-073b9ab7d2d7','4bfd14c0-3fec-4385-a23f-04f8711811f1','fb238614-15db-4b50-8c75-d8c5253f1232','4','2025-03-12'),('7bb98e5a-e33e-4b8e-a6e2-619fe5023e1c','006c0c45-b005-4cc7-9f1a-1a28328c8c59','15d5c188-0ca4-48ee-9482-962be42b0345','Idiomas, Técnicas','2025-03-16'),('7bdb223c-cfaa-4d6b-9260-027bc3cc9594','080bab45-5f65-4163-b0e2-e8fbcb745202','abdfea6f-23b4-4492-ae6d-46f856bbd734','Alias facilis consectetur tenetur eveniet impedit dicta ratione soluta facilis magnam earum cum totam velit voluptas eos sit rem.','2025-03-15'),('7c2f2e0e-28ff-4f09-8f82-ee759d8adf83','4bfd14c0-3fec-4385-a23f-04f8711811f1','2e7a689f-0a39-40ce-82e6-94688511489c','5','2025-03-15'),('7c564fa1-4560-473a-959e-8dba5681ae85','f4924c62-af09-4c22-8753-aa470f2202b1','9368b61c-71ed-4e78-9b5b-01169cbbba96','Idiomas, Técnicas, Gestión, Blandas','2025-03-08'),('7c66c269-95c4-40bc-83a5-d165fc21c1b8','b149b625-c3e4-458c-b9b4-568b7cd72918','42cc9945-ba71-4e4c-ab66-2f3e1720f493','Neque quam nesciunt cupiditate occaecati nulla sapiente corporis perspiciatis adipisci veniam beatae accusantium et corrupti porro illum quod ullam sit quasi aperiam consequuntur dignissimos eveniet.','2025-03-10'),('7ef9b3a8-f42e-49d3-b7f5-f4e18ee0c41c','d219b84e-a0aa-4b0d-8a3c-b9389b82ccd6','15d5c188-0ca4-48ee-9482-962be42b0345','Quia quidem totam possimus provident id.','2025-02-20'),('7fa024af-c9ce-45ad-8f91-595b6c59a216','7d03b31e-67b0-410f-8c6e-99a1bca4cef0','be98317f-d4a8-48a8-9087-220fe8854880','Gestión, Técnicas','2025-03-06'),('80f294a1-dc5a-4711-97cc-cfd32a3c6237','7d03b31e-67b0-410f-8c6e-99a1bca4cef0','c24cee00-ddd6-4acf-8a6a-41301e13332c','Técnicas, Gestión, Idiomas','2025-03-08'),('81ce51e6-b88b-4b95-854e-5088cb43af83','b149b625-c3e4-458c-b9b4-568b7cd72918','4cf73744-148f-4ee0-9230-506ed9f4cb23','Eligendi possimus quas quos optio laborum deleniti dolor animi quasi aperiam et amet labore ullam minus animi.','2025-03-10'),('8200c824-e5fd-4fd3-929b-01bd3383e482','c20e37a2-2f97-4a72-b14e-d57713556e81','a3fb95c4-c0e9-4df7-ba7a-3d8ba7fd23ca','Gestión, Idiomas, Técnicas, Blandas','2025-03-12'),('82ce9fb9-4d8c-4f14-bf97-aeb7596a1787','d219b84e-a0aa-4b0d-8a3c-b9389b82ccd6','16d327f8-69e3-4ea2-b844-67acd427d5b2','Repellendus reiciendis consequuntur dolorum odit soluta mollitia aut sapiente sed eligendi quis earum temporibus corporis ipsa.','2025-02-18'),('82da5f66-c3b3-4dd1-83fa-3d72d41efd81','b149b625-c3e4-458c-b9b4-568b7cd72918','f9892ee4-8220-4945-8527-d94b08029c51','Nesciunt expedita sapiente nulla repellendus provident error nostrum assumenda consequatur blanditiis esse delectus possimus magni in consequuntur fugit.','2025-03-06'),('832e73bd-2b2e-468e-b157-4d0b7fc14209','006c0c45-b005-4cc7-9f1a-1a28328c8c59','16469a9e-f192-428b-be9d-0ad01f8b0a66','Gestión, Técnicas','2025-03-13'),('8338d232-1af6-439b-a0ac-cd8e0f8574f7','d219b84e-a0aa-4b0d-8a3c-b9389b82ccd6','9368b61c-71ed-4e78-9b5b-01169cbbba96','Quod cum est neque ut nemo tenetur fugiat velit dicta nihil.','2025-02-17'),('8378dda4-793e-4673-9442-aca126a6e9c4','a99cc550-306f-432b-8b36-fbea0c435e5e','ac7631eb-a9c4-4c74-8570-ba6f138262e7','Expedita delectus corporis omnis architecto.','2025-02-18'),('83b414e1-79cd-430a-ac21-1788750c0998','006c0c45-b005-4cc7-9f1a-1a28328c8c59','03c7a515-32a6-4b76-8ec6-6b0fd633e5c9','Técnicas, Blandas','2025-03-15'),('84cf6e74-541c-4ef0-b6c4-7b9a9ec33430','54a853ce-d4a5-47f9-8300-6cf2cd436888','04c9e750-dd32-428a-9168-f88cb9cf5f91','Técnicas, Idiomas, Gestión','2025-03-14'),('858bc7e3-9551-4e9c-86fd-cabc614c3afc','7d03b31e-67b0-410f-8c6e-99a1bca4cef0','7c61f4ad-ef91-4929-a032-a3986a8d0008','Idiomas','2025-03-09'),('86a4125e-8ecc-476a-adb8-a83d75b1606f','f4924c62-af09-4c22-8753-aa470f2202b1','24b4b414-0146-4bde-b753-18631c5ba77e','Blandas, Idiomas, Técnicas','2025-03-10'),('86dfefbd-b9b5-4bbb-ab06-67ab92208a7b','d219b84e-a0aa-4b0d-8a3c-b9389b82ccd6','ea05a7cb-2294-4c5f-a391-190f1a8a862d','Ullam minima dolores nulla dolorum explicabo recusandae aspernatur vero itaque.','2025-02-22'),('87fe83fe-adba-42ce-a432-477f335b884c','e90c9e44-2183-47b4-83ab-5274948994fe','15d5c188-0ca4-48ee-9482-962be42b0345','Gestión, Blandas, Idiomas','2025-03-10'),('884946d8-6728-4e49-a6cc-a1446ed31e26','006c0c45-b005-4cc7-9f1a-1a28328c8c59','6a6acb1e-ab28-4728-8baa-27b667b0167c','Técnicas','2025-03-12'),('88796a50-749a-4390-a8ba-d926eeb8b445','4bfd14c0-3fec-4385-a23f-04f8711811f1','16469a9e-f192-428b-be9d-0ad01f8b0a66','2','2025-03-15'),('898ee4f9-fc20-44b6-bcbf-98cce6d1c000','7d03b31e-67b0-410f-8c6e-99a1bca4cef0','c449073a-fde0-4d59-b224-93c128983a8d','Blandas, Técnicas, Idiomas','2025-03-06'),('89e2c887-9576-4c64-a488-9c942a5d66d0','b149b625-c3e4-458c-b9b4-568b7cd72918','be98317f-d4a8-48a8-9087-220fe8854880','Asperiores sunt temporibus molestias rerum.','2025-03-07'),('8a375496-7538-4928-ae25-e328e9a27dd5','9941f2f5-0eb0-44e4-8a2b-1b876e2fa51b','764ec05a-55b9-46ec-b6df-9b96bb624710','3','2025-02-20'),('8a93ace7-b9d8-46a7-b32d-65ed7534363f','7d03b31e-67b0-410f-8c6e-99a1bca4cef0','63fc196e-f26c-4cf1-82af-976b1c29af5f','Gestión, Técnicas, Idiomas','2025-03-07'),('8ab09215-8c33-43ad-95b5-16d136d19c8f','006c0c45-b005-4cc7-9f1a-1a28328c8c59','be98317f-d4a8-48a8-9087-220fe8854880','Idiomas, Gestión, Técnicas','2025-03-16'),('8be0c17d-1587-4b4b-97cd-e3ffc5048a2b','9941f2f5-0eb0-44e4-8a2b-1b876e2fa51b','2e7a689f-0a39-40ce-82e6-94688511489c','2','2025-02-17'),('8cd10fb4-0bce-4ddc-8a3d-480a4572df00','9941f2f5-0eb0-44e4-8a2b-1b876e2fa51b','299dc48a-437a-4da2-aca1-2db4905150ed','2','2025-02-20'),('8cf8d0f2-a8d1-4bdb-b408-5095d74ee22b','a99cc550-306f-432b-8b36-fbea0c435e5e','63fc196e-f26c-4cf1-82af-976b1c29af5f','Qui perspiciatis tempora assumenda in adipisci dolor.','2025-02-20'),('8d58f20f-4b0b-4b80-bd74-6375a97929e5','c20e37a2-2f97-4a72-b14e-d57713556e81','140cdfd3-8835-4e4a-8bf3-c47a60819f6f','Técnicas, Gestión','2025-03-06'),('8d8e854b-f7bf-4ca2-9317-fae65eebca54','a99cc550-306f-432b-8b36-fbea0c435e5e','c449073a-fde0-4d59-b224-93c128983a8d','Omnis explicabo illum sint amet.','2025-02-21'),('8dc37f83-bd88-42de-b3ea-dad617a235a7','316ea863-2416-4087-addf-6884881f0c22','5cff3a4d-6540-45fa-8aec-9d0d476f214d','Técnicas','2025-02-18'),('8dce4999-0c71-4f55-9ff1-38b07ca3baa9','54a853ce-d4a5-47f9-8300-6cf2cd436888','be98317f-d4a8-48a8-9087-220fe8854880','Gestión, Técnicas, Idiomas, Blandas','2025-03-16'),('8e2c7e43-4e17-4d9c-9291-605e6a0f78d8','f4924c62-af09-4c22-8753-aa470f2202b1','be98317f-d4a8-48a8-9087-220fe8854880','Idiomas, Gestión, Técnicas, Blandas','2025-03-08'),('8f050dc7-3983-45eb-9026-b8bc03887237','c20e37a2-2f97-4a72-b14e-d57713556e81','593e0985-15e7-4982-af5c-a131af3a19f0','Idiomas','2025-03-07'),('8f0670ac-73ca-45cf-bcf3-52eefb66cd2e','4bfd14c0-3fec-4385-a23f-04f8711811f1','004bff82-abd4-4a8d-83ab-4ad16c8a6b59','2','2025-03-11'),('8f442911-c63b-487f-a349-f61e1a7db99d','4bfd14c0-3fec-4385-a23f-04f8711811f1','4d9d21d7-2807-4576-9428-4d7e5b59591c','1','2025-03-16'),('8f50b98f-bb14-4123-8497-927815a84bb0','316ea863-2416-4087-addf-6884881f0c22','ac7631eb-a9c4-4c74-8570-ba6f138262e7','Técnicas, Gestión, Blandas, Idiomas','2025-02-17'),('8ffce0a5-7333-46f7-ac26-5612b7735c38','8d85d7dc-a78c-4949-9243-fd1b17328f44','dabef1f6-aecb-4f2a-a02d-882fb720dd03','2','2025-02-20'),('90572456-10d0-4787-bb93-f9907eb4c137','006c0c45-b005-4cc7-9f1a-1a28328c8c59','b554dabe-0203-4f08-ad27-74805d7bdd42','Gestión, Técnicas, Idiomas, Blandas','2025-03-15'),('915e214d-9c6e-4e78-aeb8-2c2095e3ecf8','8d85d7dc-a78c-4949-9243-fd1b17328f44','5bda2288-d5cf-4d32-9f7f-25b87c5a8841','5','2025-02-18'),('9165c7e6-bec5-4c7f-8dfc-96413b5c5df1','54a853ce-d4a5-47f9-8300-6cf2cd436888','abdfea6f-23b4-4492-ae6d-46f856bbd734','Técnicas, Idiomas','2025-03-13'),('91ca91f7-3ef0-479f-9fd2-ed314e7c56e7','c20e37a2-2f97-4a72-b14e-d57713556e81','42cc9945-ba71-4e4c-ab66-2f3e1720f493','Técnicas, Blandas','2025-03-12'),('91cadd77-c6cd-422f-9a8f-a1c1dfa0abca','7d03b31e-67b0-410f-8c6e-99a1bca4cef0','04c9e750-dd32-428a-9168-f88cb9cf5f91','Idiomas, Gestión, Técnicas, Blandas','2025-03-09'),('9305ad2b-7ab9-46a9-8d70-a9b520962381','9941f2f5-0eb0-44e4-8a2b-1b876e2fa51b','001ccc25-1b8b-4112-8a81-93c4e352a39a','2','2025-02-17'),('93928fba-e531-43d8-a69b-ba74fd63781d','e90c9e44-2183-47b4-83ab-5274948994fe','7c61f4ad-ef91-4929-a032-a3986a8d0008','Blandas','2025-03-11'),('93d5b355-c96b-478b-aa4c-393d47a6042d','8d85d7dc-a78c-4949-9243-fd1b17328f44','ac7631eb-a9c4-4c74-8570-ba6f138262e7','4','2025-02-17'),('9404a249-6924-4dbc-9840-390ab2a39b33','080bab45-5f65-4163-b0e2-e8fbcb745202','16d327f8-69e3-4ea2-b844-67acd427d5b2','Temporibus deserunt perspiciatis necessitatibus ipsam quo quod magnam in.','2025-03-14'),('944bbb9c-3335-4dbb-9547-0fe390fad367','316ea863-2416-4087-addf-6884881f0c22','63fc196e-f26c-4cf1-82af-976b1c29af5f','Idiomas','2025-02-22'),('9479651c-53dc-4c6d-aa7d-53b993ba58cf','9941f2f5-0eb0-44e4-8a2b-1b876e2fa51b','31c007e6-c249-4729-907d-2ee477d1c7c9','1','2025-02-19'),('949ca5f4-56ae-40df-a36c-c4a2eadf6bd2','006c0c45-b005-4cc7-9f1a-1a28328c8c59','ac7631eb-a9c4-4c74-8570-ba6f138262e7','Técnicas, Idiomas, Blandas','2025-03-11'),('94b17888-2a2b-4e50-a957-5b3dd9a8b30d','006c0c45-b005-4cc7-9f1a-1a28328c8c59','9368b61c-71ed-4e78-9b5b-01169cbbba96','Blandas','2025-03-10'),('952c24a0-b79e-44cb-8bfa-82352d7fa27d','9941f2f5-0eb0-44e4-8a2b-1b876e2fa51b','b554dabe-0203-4f08-ad27-74805d7bdd42','4','2025-02-19'),('956b045a-000b-4c5c-aca7-eee506a6e672','7d03b31e-67b0-410f-8c6e-99a1bca4cef0','299dc48a-437a-4da2-aca1-2db4905150ed','Gestión, Blandas, Idiomas, Técnicas','2025-03-09'),('95b38f47-00fd-412b-92cd-67727134e49d','d219b84e-a0aa-4b0d-8a3c-b9389b82ccd6','7312fd63-07d9-46c4-9c47-aa53b9adbe7a','Odit quidem aut accusamus eligendi laboriosam exercitationem vitae.','2025-02-19'),('97b4e1bc-032d-4945-be4f-ef3c3744c611','b149b625-c3e4-458c-b9b4-568b7cd72918','3bdd4ff2-5d49-4672-bf8a-d06ce03cbfe5','Nemo doloremque quod aliquam.','2025-03-11'),('98d288b3-5711-4780-b88d-f588e5fecac3','7d03b31e-67b0-410f-8c6e-99a1bca4cef0','cd21ca50-6d97-4abe-83b0-e3458e5ae601','Blandas, Idiomas, Técnicas','2025-03-08'),('99719127-4109-4d4a-b86b-dddfeeab6953','a99cc550-306f-432b-8b36-fbea0c435e5e','5cff3a4d-6540-45fa-8aec-9d0d476f214d','Quod dolor rem possimus iure nam.','2025-02-23'),('9980482f-c07b-4431-a730-58410e2e7e97','316ea863-2416-4087-addf-6884881f0c22','c449073a-fde0-4d59-b224-93c128983a8d','Blandas, Técnicas, Gestión','2025-02-22'),('9a96acce-3edd-4ded-82be-fd7fcb95a6d3','9941f2f5-0eb0-44e4-8a2b-1b876e2fa51b','81bbf792-749b-4351-a8b7-721f908bddf7','5','2025-02-18'),('9ad2da17-3624-4e6d-91fa-b127472f24fc','e90c9e44-2183-47b4-83ab-5274948994fe','3bdd4ff2-5d49-4672-bf8a-d06ce03cbfe5','Idiomas, Gestión, Blandas','2025-03-06'),('9b0cb084-6ed0-4bf0-88f6-49634747728c','f4924c62-af09-4c22-8753-aa470f2202b1','001ccc25-1b8b-4112-8a81-93c4e352a39a','Blandas, Gestión, Técnicas, Idiomas','2025-03-12'),('9b186ef9-89e3-4111-b5da-e561962e6921','4bfd14c0-3fec-4385-a23f-04f8711811f1','593e0985-15e7-4982-af5c-a131af3a19f0','4','2025-03-13'),('9b6ce616-8bb5-4cf0-9af9-23921168bab8','e90c9e44-2183-47b4-83ab-5274948994fe','4cf73744-148f-4ee0-9230-506ed9f4cb23','Gestión, Técnicas','2025-03-06'),('9d53d026-b0f9-4bf9-af47-1d7c4f1d0ab4','316ea863-2416-4087-addf-6884881f0c22','fb4e627e-1be3-44bf-ad22-4924723289c6','Blandas, Técnicas','2025-02-19'),('9d77c27d-2ca9-47af-b3ea-b5b6f574c20b','7d03b31e-67b0-410f-8c6e-99a1bca4cef0','16d327f8-69e3-4ea2-b844-67acd427d5b2','Idiomas','2025-03-07'),('9dfc8e89-e4c8-4007-bfe4-00566d680cd5','7d03b31e-67b0-410f-8c6e-99a1bca4cef0','a3fb95c4-c0e9-4df7-ba7a-3d8ba7fd23ca','Blandas','2025-03-11'),('9e98d807-ae2e-4472-ae3a-22f72525f799','080bab45-5f65-4163-b0e2-e8fbcb745202','c24cee00-ddd6-4acf-8a6a-41301e13332c','Atque perferendis magni accusantium est veritatis exercitationem quisquam deleniti voluptatum culpa eos ratione magni molestiae qui minima optio soluta nulla.','2025-03-12'),('a2064d0c-b941-4d05-a095-cf0455dab9fb','8d85d7dc-a78c-4949-9243-fd1b17328f44','888a3d8c-7ed5-4756-b9d5-0b4fa1f57540','3','2025-02-17'),('a2666211-f746-4dc4-8e19-e1a96869ed9b','316ea863-2416-4087-addf-6884881f0c22','4cf73744-148f-4ee0-9230-506ed9f4cb23','Idiomas, Blandas','2025-02-20'),('a26b266a-8abe-41aa-a9ff-30e7a490948f','4bfd14c0-3fec-4385-a23f-04f8711811f1','dabef1f6-aecb-4f2a-a02d-882fb720dd03','2','2025-03-16'),('a2857b3d-1527-4b2a-a95a-1edb517cb06d','080bab45-5f65-4163-b0e2-e8fbcb745202','dabef1f6-aecb-4f2a-a02d-882fb720dd03','In quia culpa impedit aut laudantium.','2025-03-11'),('a2f29931-b195-4026-a959-601102f0a05b','080bab45-5f65-4163-b0e2-e8fbcb745202','be98317f-d4a8-48a8-9087-220fe8854880','Temporibus sapiente at incidunt eius.','2025-03-11'),('a36a8e00-1b54-4ad3-87e4-991bba3f59a3','a99cc550-306f-432b-8b36-fbea0c435e5e','2d17178d-1f6d-451c-ab05-a2b9c6767bff','Facere earum consequatur deleniti ipsum mollitia illum ad explicabo at nisi eveniet harum eos harum assumenda temporibus.','2025-02-18'),('a3c5ca0e-f545-4402-8a5a-9950e4ec0667','d219b84e-a0aa-4b0d-8a3c-b9389b82ccd6','fb4e627e-1be3-44bf-ad22-4924723289c6','Vel beatae voluptas debitis vitae eaque autem ipsa quas et.','2025-02-21'),('a49348e6-dbed-4a61-94cb-8481b52e2660','8d85d7dc-a78c-4949-9243-fd1b17328f44','001ccc25-1b8b-4112-8a81-93c4e352a39a','4','2025-02-23'),('a4b31b99-32ed-48b2-a78b-1c76e653bae5','9941f2f5-0eb0-44e4-8a2b-1b876e2fa51b','f9892ee4-8220-4945-8527-d94b08029c51','5','2025-02-17'),('a4f9855e-a372-4f8d-8d08-fb6c9d2e1faa','316ea863-2416-4087-addf-6884881f0c22','95e0499e-5c94-48d2-a76d-473c8a942db8','Blandas, Técnicas, Gestión, Idiomas','2025-02-20'),('a6d40b7c-676a-4cb1-83ab-c489bdc5fbbc','7d03b31e-67b0-410f-8c6e-99a1bca4cef0','ab814ce1-6b5c-4703-ae8c-be88a869591d','Técnicas, Gestión, Blandas, Idiomas','2025-03-12'),('a7227995-6db6-4b89-9ba2-4610077daac1','9941f2f5-0eb0-44e4-8a2b-1b876e2fa51b','f72d2d91-bcef-4deb-84f8-1fc1bb6832df','2','2025-02-17'),('aab48644-5f37-462d-93b6-e3992e30759c','54a853ce-d4a5-47f9-8300-6cf2cd436888','4cf73744-148f-4ee0-9230-506ed9f4cb23','Idiomas, Gestión, Técnicas','2025-03-14'),('ab081620-290d-44dc-9521-9b24736dfd15','7d03b31e-67b0-410f-8c6e-99a1bca4cef0','5cff3a4d-6540-45fa-8aec-9d0d476f214d','Blandas, Gestión, Técnicas, Idiomas','2025-03-10'),('ac5fac3b-dc58-454d-8c9c-c02d86151c3a','a99cc550-306f-432b-8b36-fbea0c435e5e','be98317f-d4a8-48a8-9087-220fe8854880','Ex consectetur voluptatem cum ipsam provident natus.','2025-02-19'),('ac60da3e-a931-44e3-b4a2-097c5bf4e26c','006c0c45-b005-4cc7-9f1a-1a28328c8c59','c449073a-fde0-4d59-b224-93c128983a8d','Técnicas, Idiomas','2025-03-10'),('acca0683-3fa4-4e1f-a9f1-343ed943ccd0','8d85d7dc-a78c-4949-9243-fd1b17328f44','4d9d21d7-2807-4576-9428-4d7e5b59591c','5','2025-02-22'),('acf8ffbc-5df7-4997-9be9-2c81f0469b0a','a99cc550-306f-432b-8b36-fbea0c435e5e','488147e6-e9ca-47a0-8a8b-477f82f7974c','Facere velit quam libero nulla.','2025-02-22'),('ad2ca32c-d9af-4164-af8d-9f0cf85239f0','b149b625-c3e4-458c-b9b4-568b7cd72918','4d9d21d7-2807-4576-9428-4d7e5b59591c','Corrupti cum perspiciatis nisi harum nisi iusto dolorum.','2025-03-08'),('ad6d0aad-24d8-4f24-8fc3-cb28206c74f6','a99cc550-306f-432b-8b36-fbea0c435e5e','299dc48a-437a-4da2-aca1-2db4905150ed','Quibusdam molestias nobis dolore dolor ipsa adipisci excepturi perspiciatis illo cumque iusto consectetur numquam ad hic natus.','2025-02-17'),('ae7751a7-4273-44a3-9731-749f5a827948','006c0c45-b005-4cc7-9f1a-1a28328c8c59','c24cee00-ddd6-4acf-8a6a-41301e13332c','Gestión','2025-03-15'),('aec41150-e9a7-40e9-813d-b8097e4af23a','4bfd14c0-3fec-4385-a23f-04f8711811f1','3bdd4ff2-5d49-4672-bf8a-d06ce03cbfe5','4','2025-03-14'),('aedffde5-8ea6-426a-b36b-4c9aba8566b6','8d85d7dc-a78c-4949-9243-fd1b17328f44','15d5c188-0ca4-48ee-9482-962be42b0345','5','2025-02-20'),('af481b6b-be71-4a9a-9f56-e589c1733953','e90c9e44-2183-47b4-83ab-5274948994fe','f72d2d91-bcef-4deb-84f8-1fc1bb6832df','Idiomas, Blandas','2025-03-11'),('afc4612e-dc54-4852-a61e-3873fd9ea3f4','8d85d7dc-a78c-4949-9243-fd1b17328f44','a3fb95c4-c0e9-4df7-ba7a-3d8ba7fd23ca','2','2025-02-22'),('affdb348-6d3e-4c33-b444-6aa5070b3ee4','e90c9e44-2183-47b4-83ab-5274948994fe','c24cee00-ddd6-4acf-8a6a-41301e13332c','Técnicas','2025-03-07'),('b01465f9-632d-4750-ac7a-66e44dc20ee9','7d03b31e-67b0-410f-8c6e-99a1bca4cef0','f9892ee4-8220-4945-8527-d94b08029c51','Idiomas, Blandas, Técnicas','2025-03-12'),('b0308f64-96fd-41e3-9047-c05bc9f686b5','006c0c45-b005-4cc7-9f1a-1a28328c8c59','a3fb95c4-c0e9-4df7-ba7a-3d8ba7fd23ca','Técnicas','2025-03-10'),('b04acf6c-4b2a-4b93-bd43-a4719feefce1','c20e37a2-2f97-4a72-b14e-d57713556e81','888a3d8c-7ed5-4756-b9d5-0b4fa1f57540','Gestión','2025-03-07'),('b0ab20ec-565e-4e58-a370-5468a085506e','7d03b31e-67b0-410f-8c6e-99a1bca4cef0','42cc9945-ba71-4e4c-ab66-2f3e1720f493','Gestión, Técnicas','2025-03-07'),('b2bda244-8750-46ae-8b12-e6bba1190342','c20e37a2-2f97-4a72-b14e-d57713556e81','dabef1f6-aecb-4f2a-a02d-882fb720dd03','Gestión, Idiomas, Blandas','2025-03-07'),('b339ccd8-fc09-4088-90cc-9e3cd786ccdb','54a853ce-d4a5-47f9-8300-6cf2cd436888','599822d0-17bd-403e-896a-2dea7fc5bc44','Gestión, Blandas','2025-03-13'),('b3e0b189-d4c4-457f-9921-16cfbf1e9d61','080bab45-5f65-4163-b0e2-e8fbcb745202','24b4b414-0146-4bde-b753-18631c5ba77e','Iure alias fuga enim officia voluptate at nisi fugit neque veritatis qui.','2025-03-14'),('b4c8802c-3c62-46a8-8aab-b122264bb564','d219b84e-a0aa-4b0d-8a3c-b9389b82ccd6','91c3591b-680a-462c-8ca1-8ef0b5874272','Libero maiores libero est ad veniam magnam vitae dolor explicabo amet libero sunt omnis iusto modi.','2025-02-17'),('b60382c9-03c6-4f6b-861e-b9eb618bb41c','080bab45-5f65-4163-b0e2-e8fbcb745202','2d17178d-1f6d-451c-ab05-a2b9c6767bff','Magnam voluptate amet ipsa saepe excepturi quisquam veritatis id quo adipisci earum voluptatibus.','2025-03-11'),('b60da2da-ed8b-43e1-9f1f-2d4f3c5fa547','f4924c62-af09-4c22-8753-aa470f2202b1','140cdfd3-8835-4e4a-8bf3-c47a60819f6f','Técnicas, Idiomas, Gestión','2025-03-12'),('b7ae10d6-5d4c-4642-b48b-10a919f6f3ec','a99cc550-306f-432b-8b36-fbea0c435e5e','7312fd63-07d9-46c4-9c47-aa53b9adbe7a','Velit labore reprehenderit id asperiores occaecati.','2025-02-20'),('b82acf83-ae33-4c7f-bfd3-e2e4afd650a5','9941f2f5-0eb0-44e4-8a2b-1b876e2fa51b','16d327f8-69e3-4ea2-b844-67acd427d5b2','2','2025-02-18'),('b8428f54-b498-47f9-81e4-6c03d0023ef7','9941f2f5-0eb0-44e4-8a2b-1b876e2fa51b','03c7a515-32a6-4b76-8ec6-6b0fd633e5c9','3','2025-02-19'),('b9e4b6a3-dfb3-43b3-952c-7e01c4ee1bdb','4bfd14c0-3fec-4385-a23f-04f8711811f1','95e0499e-5c94-48d2-a76d-473c8a942db8','3','2025-03-16'),('ba64b2af-20c7-4a50-b539-220a3ca64c2c','d219b84e-a0aa-4b0d-8a3c-b9389b82ccd6','5cff3a4d-6540-45fa-8aec-9d0d476f214d','Laudantium doloribus omnis ab quibusdam quo.','2025-02-21'),('ba71ab5b-8de6-4ae1-9202-a2935cc5ba49','7d03b31e-67b0-410f-8c6e-99a1bca4cef0','6a6acb1e-ab28-4728-8baa-27b667b0167c','Técnicas, Gestión','2025-03-06'),('ba91ad18-878b-4a65-8f69-071843b857b2','f4924c62-af09-4c22-8753-aa470f2202b1','91c3591b-680a-462c-8ca1-8ef0b5874272','Blandas, Idiomas, Técnicas, Gestión','2025-03-08'),('bad60497-7ae3-4bb9-b460-e44ea80ac354','c20e37a2-2f97-4a72-b14e-d57713556e81','15d5c188-0ca4-48ee-9482-962be42b0345','Técnicas, Gestión','2025-03-06'),('bb09c890-6aa1-4c63-b8c4-fbd2334961f4','4bfd14c0-3fec-4385-a23f-04f8711811f1','a3fb95c4-c0e9-4df7-ba7a-3d8ba7fd23ca','2','2025-03-12'),('bb42a0d5-1863-4782-8a3b-b7979e451139','4bfd14c0-3fec-4385-a23f-04f8711811f1','fb4e627e-1be3-44bf-ad22-4924723289c6','3','2025-03-10'),('bba60b56-49fc-4c51-a374-2ceb2b24d2a4','080bab45-5f65-4163-b0e2-e8fbcb745202','5cff3a4d-6540-45fa-8aec-9d0d476f214d','Iste suscipit nemo.','2025-03-13'),('bbc7c538-ff32-4b8d-bfef-4e2e772d5232','9941f2f5-0eb0-44e4-8a2b-1b876e2fa51b','2d17178d-1f6d-451c-ab05-a2b9c6767bff','5','2025-02-19'),('bc806716-5ce6-4f1c-abd8-a1480a2d108f','4bfd14c0-3fec-4385-a23f-04f8711811f1','96582413-895e-4628-ab29-313d510a86db','2','2025-03-13'),('bcf26af7-f1d8-4321-997e-72a13b387030','a99cc550-306f-432b-8b36-fbea0c435e5e','abdfea6f-23b4-4492-ae6d-46f856bbd734','Voluptas rem facilis ratione accusamus modi.','2025-02-21'),('bd42f111-91e5-426c-acdf-a0b540356c4e','006c0c45-b005-4cc7-9f1a-1a28328c8c59','f9892ee4-8220-4945-8527-d94b08029c51','Técnicas, Blandas, Idiomas, Gestión','2025-03-15'),('bd5cdf19-a1a5-47a3-8d32-2ff1cf923a0d','d219b84e-a0aa-4b0d-8a3c-b9389b82ccd6','04c9e750-dd32-428a-9168-f88cb9cf5f91','Facilis dolore vero laboriosam iste voluptates fuga praesentium.','2025-02-20'),('bdb2e533-971a-4e15-b87e-68ec17b56b21','e90c9e44-2183-47b4-83ab-5274948994fe','004bff82-abd4-4a8d-83ab-4ad16c8a6b59','Gestión, Blandas, Técnicas, Idiomas','2025-03-08'),('be13741a-9824-482b-b68c-0c72af74dfd6','54a853ce-d4a5-47f9-8300-6cf2cd436888','7312fd63-07d9-46c4-9c47-aa53b9adbe7a','Gestión, Técnicas, Idiomas, Blandas','2025-03-13'),('be5209e7-8b7a-4a49-9572-aa8adf8d42bd','8d85d7dc-a78c-4949-9243-fd1b17328f44','16469a9e-f192-428b-be9d-0ad01f8b0a66','5','2025-02-19'),('bf311f50-99b8-4197-ae3d-746fba3dd0d3','316ea863-2416-4087-addf-6884881f0c22','888a3d8c-7ed5-4756-b9d5-0b4fa1f57540','Técnicas, Gestión, Idiomas','2025-02-23'),('bf98d111-7cf0-49af-982e-2151899a412d','7d03b31e-67b0-410f-8c6e-99a1bca4cef0','652b6b58-930b-46b9-809a-c62bdff6537c','Técnicas, Blandas, Idiomas','2025-03-09'),('c088c394-7891-46d4-beb1-973500041528','d219b84e-a0aa-4b0d-8a3c-b9389b82ccd6','fb238614-15db-4b50-8c75-d8c5253f1232','Nam aliquid exercitationem officia fugit minima possimus illum error delectus.','2025-02-20'),('c08bfd19-03d4-4c21-8ec1-2d310ecf3d22','7d03b31e-67b0-410f-8c6e-99a1bca4cef0','593e0985-15e7-4982-af5c-a131af3a19f0','Gestión, Idiomas, Blandas','2025-03-09'),('c0da29fe-9699-4e91-870b-ee891904a5be','a99cc550-306f-432b-8b36-fbea0c435e5e','5bda2288-d5cf-4d32-9f7f-25b87c5a8841','Minima facere veritatis molestias ratione magni accusantium sit.','2025-02-20'),('c1683de3-894b-474d-8df8-a1c1d339a1a5','006c0c45-b005-4cc7-9f1a-1a28328c8c59','004bff82-abd4-4a8d-83ab-4ad16c8a6b59','Blandas, Idiomas, Gestión','2025-03-15'),('c1dcd0af-e298-462a-b942-a02359268065','080bab45-5f65-4163-b0e2-e8fbcb745202','9368b61c-71ed-4e78-9b5b-01169cbbba96','Saepe numquam dolores labore beatae veniam iure ducimus fuga non vitae.','2025-03-14'),('c25e5197-57d8-4958-ba67-a7d4edea5553','7d03b31e-67b0-410f-8c6e-99a1bca4cef0','96582413-895e-4628-ab29-313d510a86db','Idiomas, Blandas, Técnicas, Gestión','2025-03-12'),('c40b359c-2221-404e-bd0a-315c5202a33e','b149b625-c3e4-458c-b9b4-568b7cd72918','9368b61c-71ed-4e78-9b5b-01169cbbba96','Architecto officia accusamus in laudantium inventore facere tempora itaque corrupti debitis maxime.','2025-03-10'),('c50d9fd6-33f9-4e4e-a6f8-e4efa57cbf4c','006c0c45-b005-4cc7-9f1a-1a28328c8c59','cd21ca50-6d97-4abe-83b0-e3458e5ae601','Blandas, Gestión, Idiomas','2025-03-12'),('c6a7236d-fc31-49b4-bb1c-0ece4f23dfbd','b149b625-c3e4-458c-b9b4-568b7cd72918','5cff3a4d-6540-45fa-8aec-9d0d476f214d','Itaque reiciendis pariatur voluptates.','2025-03-06'),('c6dd40d5-a734-45e8-9f45-85871fd14fb7','e90c9e44-2183-47b4-83ab-5274948994fe','cd21ca50-6d97-4abe-83b0-e3458e5ae601','Blandas, Técnicas','2025-03-12'),('c6f9f27d-9f41-4c21-b65b-2339da04174c','a99cc550-306f-432b-8b36-fbea0c435e5e','31c007e6-c249-4729-907d-2ee477d1c7c9','Enim illo vitae cupiditate veniam itaque porro facere ipsa autem ipsa id aspernatur sit quia dolore.','2025-02-21'),('c7468c63-22c9-47c9-a053-1d0d46c95846','e90c9e44-2183-47b4-83ab-5274948994fe','16d327f8-69e3-4ea2-b844-67acd427d5b2','Técnicas, Gestión, Blandas','2025-03-07'),('c76ef220-972e-4164-ae89-a13d7fd47b58','9941f2f5-0eb0-44e4-8a2b-1b876e2fa51b','599822d0-17bd-403e-896a-2dea7fc5bc44','1','2025-02-17'),('c79fb39b-8493-496a-9eae-f9f6ef8d06e0','a99cc550-306f-432b-8b36-fbea0c435e5e','24b4b414-0146-4bde-b753-18631c5ba77e','Ipsum repellat officiis eum labore corrupti aperiam aut tempore.','2025-02-17'),('c86b7c1a-0eeb-4a86-85ff-8beedc37e4dc','7d03b31e-67b0-410f-8c6e-99a1bca4cef0','488147e6-e9ca-47a0-8a8b-477f82f7974c','Blandas, Idiomas','2025-03-07'),('c895c829-dae2-4352-86db-5f2138a6ebc3','006c0c45-b005-4cc7-9f1a-1a28328c8c59','f72d2d91-bcef-4deb-84f8-1fc1bb6832df','Gestión, Blandas','2025-03-16'),('c8b27de2-c6b5-414e-9623-582fe0cf3691','f4924c62-af09-4c22-8753-aa470f2202b1','b554dabe-0203-4f08-ad27-74805d7bdd42','Blandas, Gestión, Técnicas, Idiomas','2025-03-08'),('c93b7b7f-9cd9-44f4-896a-7f7e0f509a49','9941f2f5-0eb0-44e4-8a2b-1b876e2fa51b','5bda2288-d5cf-4d32-9f7f-25b87c5a8841','5','2025-02-18'),('c9ac6efc-e794-470f-83ac-c51163a9b119','316ea863-2416-4087-addf-6884881f0c22','9368b61c-71ed-4e78-9b5b-01169cbbba96','Técnicas, Gestión, Idiomas','2025-02-19'),('cca1647b-2455-44d4-8816-cad887905851','a99cc550-306f-432b-8b36-fbea0c435e5e','140cdfd3-8835-4e4a-8bf3-c47a60819f6f','Blanditiis quod provident dolor nostrum possimus voluptatum dicta consequatur asperiores cupiditate quae voluptatum repellat.','2025-02-17'),('ccf0e67d-a3c1-4a73-9636-939402ab4002','316ea863-2416-4087-addf-6884881f0c22','3bdd4ff2-5d49-4672-bf8a-d06ce03cbfe5','Idiomas, Blandas','2025-02-22'),('cd4d7384-22f0-4699-8ea5-5b6287e34e64','316ea863-2416-4087-addf-6884881f0c22','593e0985-15e7-4982-af5c-a131af3a19f0','Idiomas','2025-02-19'),('ce0e7f0a-4bd5-4b2e-a967-c1cf2cecc6cc','080bab45-5f65-4163-b0e2-e8fbcb745202','7c61f4ad-ef91-4929-a032-a3986a8d0008','Eaque sequi rerum assumenda sunt doloribus iure nostrum fugiat adipisci sed delectus distinctio reiciendis excepturi sunt praesentium eius ab veniam assumenda.','2025-03-15'),('ce903042-d199-4113-bdda-01fcf674461b','54a853ce-d4a5-47f9-8300-6cf2cd436888','5cff3a4d-6540-45fa-8aec-9d0d476f214d','Blandas, Técnicas, Idiomas, Gestión','2025-03-16'),('cef2f0c7-7bbc-4ba9-bf57-2ed571e2b376','f4924c62-af09-4c22-8753-aa470f2202b1','4d9d21d7-2807-4576-9428-4d7e5b59591c','Técnicas','2025-03-06'),('d0863d7d-c397-444d-8864-10c2385e9e54','006c0c45-b005-4cc7-9f1a-1a28328c8c59','91c3591b-680a-462c-8ca1-8ef0b5874272','Blandas, Técnicas, Idiomas, Gestión','2025-03-14'),('d140d481-ee8f-41ad-978d-b2ea6cbd2e0d','e90c9e44-2183-47b4-83ab-5274948994fe','24b4b414-0146-4bde-b753-18631c5ba77e','Blandas, Idiomas','2025-03-11'),('d1602e29-17fe-4e53-a323-0fc17ecc610c','4bfd14c0-3fec-4385-a23f-04f8711811f1','888a3d8c-7ed5-4756-b9d5-0b4fa1f57540','2','2025-03-12'),('d342d188-1c29-4044-b27a-d0b8a5787e97','f4924c62-af09-4c22-8753-aa470f2202b1','16469a9e-f192-428b-be9d-0ad01f8b0a66','Técnicas, Blandas, Gestión, Idiomas','2025-03-07'),('d4bc258a-681b-4948-b2eb-f5cdfc218db5','a99cc550-306f-432b-8b36-fbea0c435e5e','ea05a7cb-2294-4c5f-a391-190f1a8a862d','Voluptatibus dolorem placeat sed officiis.','2025-02-21'),('d6d753b7-e7ff-41a7-b478-f1ff3bead2ba','8d85d7dc-a78c-4949-9243-fd1b17328f44','593e0985-15e7-4982-af5c-a131af3a19f0','1','2025-02-21'),('d7d633e5-2e14-4ed0-916b-6043fcdac23b','c20e37a2-2f97-4a72-b14e-d57713556e81','b554dabe-0203-4f08-ad27-74805d7bdd42','Técnicas, Blandas','2025-03-10'),('d83d7a65-09e4-4e4d-b312-4785b8d8a65f','9941f2f5-0eb0-44e4-8a2b-1b876e2fa51b','be98317f-d4a8-48a8-9087-220fe8854880','3','2025-02-19'),('d856bc2e-dddb-4fbc-b71f-cd9a06861413','f4924c62-af09-4c22-8753-aa470f2202b1','03c7a515-32a6-4b76-8ec6-6b0fd633e5c9','Idiomas','2025-03-12'),('d8bed0d6-2fc1-4c52-b836-9b9dc3bd2c7d','080bab45-5f65-4163-b0e2-e8fbcb745202','764ec05a-55b9-46ec-b6df-9b96bb624710','Possimus consequatur nulla nesciunt doloribus pariatur minus odit amet impedit quaerat aut quo a mollitia.','2025-03-10'),('d8e6616d-a2e9-40b9-b977-22685041cabe','316ea863-2416-4087-addf-6884881f0c22','abdfea6f-23b4-4492-ae6d-46f856bbd734','Idiomas, Técnicas, Gestión, Blandas','2025-02-19'),('d8f1962b-58f7-48c8-8fa7-13ad0b862424','7d03b31e-67b0-410f-8c6e-99a1bca4cef0','5bda2288-d5cf-4d32-9f7f-25b87c5a8841','Gestión, Idiomas, Técnicas','2025-03-11'),('d99bf6f2-88b5-423f-ba0d-071b925d57bb','54a853ce-d4a5-47f9-8300-6cf2cd436888','652b6b58-930b-46b9-809a-c62bdff6537c','Idiomas, Blandas, Gestión, Técnicas','2025-03-13'),('d9c6600b-2447-49bf-9d31-fe4f313578be','9941f2f5-0eb0-44e4-8a2b-1b876e2fa51b','04c9e750-dd32-428a-9168-f88cb9cf5f91','1','2025-02-18'),('da9535a3-1dba-425a-8d92-d30d49ae8c91','006c0c45-b005-4cc7-9f1a-1a28328c8c59','7c61f4ad-ef91-4929-a032-a3986a8d0008','Idiomas, Técnicas','2025-03-13'),('dac9a134-a7cb-4548-b255-3c81c4967936','54a853ce-d4a5-47f9-8300-6cf2cd436888','488147e6-e9ca-47a0-8a8b-477f82f7974c','Gestión','2025-03-14'),('dc5b6fec-39cb-4315-ade3-7597b7e725d8','a99cc550-306f-432b-8b36-fbea0c435e5e','652b6b58-930b-46b9-809a-c62bdff6537c','Veniam voluptates error vitae porro itaque error voluptatum sequi autem fugit facere eos praesentium accusantium rerum id ab sint quod voluptate tenetur quia.','2025-02-22'),('dc5cf162-9adb-4446-888e-ef8cb2de7488','a99cc550-306f-432b-8b36-fbea0c435e5e','f72d2d91-bcef-4deb-84f8-1fc1bb6832df','Minima quia labore quod maiores autem magnam veniam aliquam quos sint maxime itaque vitae aperiam laboriosam illo placeat.','2025-02-19'),('ddc4cfe9-58cc-41d3-a8aa-3da54fa53621','f4924c62-af09-4c22-8753-aa470f2202b1','2d17178d-1f6d-451c-ab05-a2b9c6767bff','Gestión, Técnicas, Idiomas, Blandas','2025-03-10'),('de7d2fb6-123f-44f2-a85d-408b8c80c59d','006c0c45-b005-4cc7-9f1a-1a28328c8c59','42cc9945-ba71-4e4c-ab66-2f3e1720f493','Gestión, Técnicas, Blandas, Idiomas','2025-03-14'),('de930fc6-7e98-4314-ad21-73c503ae6c5a','54a853ce-d4a5-47f9-8300-6cf2cd436888','ea05a7cb-2294-4c5f-a391-190f1a8a862d','Idiomas, Blandas, Técnicas','2025-03-11'),('dfadabc0-172a-4851-aa82-7965f0ad63fd','c20e37a2-2f97-4a72-b14e-d57713556e81','cd21ca50-6d97-4abe-83b0-e3458e5ae601','Blandas','2025-03-06'),('e058ae5b-34ad-4a75-8e02-e77c51e739b0','c20e37a2-2f97-4a72-b14e-d57713556e81','652b6b58-930b-46b9-809a-c62bdff6537c','Técnicas, Gestión','2025-03-09'),('e14837cc-1463-4686-ab45-8d516fac0e28','006c0c45-b005-4cc7-9f1a-1a28328c8c59','fb238614-15db-4b50-8c75-d8c5253f1232','Idiomas, Técnicas','2025-03-12'),('e2cad754-9a4f-4f5d-9cb0-40672b658154','a99cc550-306f-432b-8b36-fbea0c435e5e','16469a9e-f192-428b-be9d-0ad01f8b0a66','Nam vero doloremque illo delectus odit inventore adipisci nostrum deserunt nihil harum provident.','2025-02-22'),('e3fb710e-f24c-413f-917c-8a3ffb5c6255','9941f2f5-0eb0-44e4-8a2b-1b876e2fa51b','6a6acb1e-ab28-4728-8baa-27b667b0167c','3','2025-02-18'),('e60a8546-0bf6-41fb-9bda-7ba7a28c088c','a99cc550-306f-432b-8b36-fbea0c435e5e','764ec05a-55b9-46ec-b6df-9b96bb624710','In saepe ut alias saepe ratione.','2025-02-21'),('e628d002-0972-4221-aa84-adc4795447c8','f4924c62-af09-4c22-8753-aa470f2202b1','488147e6-e9ca-47a0-8a8b-477f82f7974c','Blandas, Idiomas, Gestión','2025-03-08'),('e6e5ae06-d0aa-49c9-88d3-38f821b57707','c20e37a2-2f97-4a72-b14e-d57713556e81','d44b41fd-eed9-4e55-b451-cddd43566825','Gestión, Técnicas, Blandas, Idiomas','2025-03-07'),('e7567d23-c915-4177-831c-d1ae3fc13e0e','4bfd14c0-3fec-4385-a23f-04f8711811f1','f9892ee4-8220-4945-8527-d94b08029c51','4','2025-03-16'),('e7d99901-50c1-445d-9421-b2627691bd8b','f4924c62-af09-4c22-8753-aa470f2202b1','cd21ca50-6d97-4abe-83b0-e3458e5ae601','Técnicas, Idiomas, Gestión, Blandas','2025-03-08'),('e8b37dc0-0591-4c9c-991b-a7d4a7254979','4bfd14c0-3fec-4385-a23f-04f8711811f1','d44b41fd-eed9-4e55-b451-cddd43566825','3','2025-03-11'),('e9f508f1-b065-4dc2-9352-e3f630a7136d','006c0c45-b005-4cc7-9f1a-1a28328c8c59','81bbf792-749b-4351-a8b7-721f908bddf7','Técnicas, Idiomas','2025-03-16'),('ea0eebb5-aa18-4bfc-9ed7-c54e8e70150b','4bfd14c0-3fec-4385-a23f-04f8711811f1','16d327f8-69e3-4ea2-b844-67acd427d5b2','1','2025-03-15'),('eb4f4337-fd05-4e41-bfbb-93a6571f364c','c20e37a2-2f97-4a72-b14e-d57713556e81','be98317f-d4a8-48a8-9087-220fe8854880','Blandas, Técnicas, Idiomas','2025-03-09'),('ebd590e8-e68f-4088-9492-a7968683d312','54a853ce-d4a5-47f9-8300-6cf2cd436888','dabef1f6-aecb-4f2a-a02d-882fb720dd03','Gestión','2025-03-15'),('ec058b4d-972b-4245-a0a5-fabe8063ca37','e90c9e44-2183-47b4-83ab-5274948994fe','593e0985-15e7-4982-af5c-a131af3a19f0','Técnicas, Gestión, Blandas, Idiomas','2025-03-10'),('ecbabfe4-f5d3-4547-9e05-45b033c3d02a','006c0c45-b005-4cc7-9f1a-1a28328c8c59','001ccc25-1b8b-4112-8a81-93c4e352a39a','Gestión, Técnicas','2025-03-15'),('ed86882a-7738-4163-8ef2-613d90774f6f','7d03b31e-67b0-410f-8c6e-99a1bca4cef0','599822d0-17bd-403e-896a-2dea7fc5bc44','Blandas, Idiomas, Gestión','2025-03-07'),('eddeb4ad-78c0-4a14-82f2-4a0853d01af4','9941f2f5-0eb0-44e4-8a2b-1b876e2fa51b','fb238614-15db-4b50-8c75-d8c5253f1232','4','2025-02-17'),('ee9a9a4e-6b3c-4f84-8738-c01a8efab87d','9941f2f5-0eb0-44e4-8a2b-1b876e2fa51b','888a3d8c-7ed5-4756-b9d5-0b4fa1f57540','4','2025-02-23'),('ef70da64-d771-4582-8851-44b746d7f1d0','e90c9e44-2183-47b4-83ab-5274948994fe','2d17178d-1f6d-451c-ab05-a2b9c6767bff','Idiomas','2025-03-11'),('f009ccc8-054a-4f0b-91b0-436d583875fc','f4924c62-af09-4c22-8753-aa470f2202b1','c24cee00-ddd6-4acf-8a6a-41301e13332c','Gestión','2025-03-10'),('f0a19f58-0877-4951-9046-877c218f9bec','c20e37a2-2f97-4a72-b14e-d57713556e81','24b4b414-0146-4bde-b753-18631c5ba77e','Técnicas, Idiomas','2025-03-08'),('f172ca57-6268-475f-bcd6-a253b8969ee9','080bab45-5f65-4163-b0e2-e8fbcb745202','d44b41fd-eed9-4e55-b451-cddd43566825','Exercitationem soluta quos odit delectus vitae inventore tenetur animi commodi corrupti cum eum quae exercitationem velit tempora sapiente dolorum odio mollitia commodi esse modi magnam.','2025-03-16'),('f32dfda6-030b-4830-b9fe-0e0eb0c2b87b','006c0c45-b005-4cc7-9f1a-1a28328c8c59','488147e6-e9ca-47a0-8a8b-477f82f7974c','Técnicas, Gestión','2025-03-10'),('f3bf6b49-29e0-4a4f-8fb9-56becda31f31','e90c9e44-2183-47b4-83ab-5274948994fe','03c7a515-32a6-4b76-8ec6-6b0fd633e5c9','Idiomas','2025-03-07'),('f3e1e7e2-78fd-41b8-8da5-12aa79bf5dc1','4bfd14c0-3fec-4385-a23f-04f8711811f1','5cff3a4d-6540-45fa-8aec-9d0d476f214d','3','2025-03-12'),('f468203e-c162-4484-8e06-0856f43f8833','e90c9e44-2183-47b4-83ab-5274948994fe','63fc196e-f26c-4cf1-82af-976b1c29af5f','Idiomas, Gestión, Técnicas, Blandas','2025-03-08'),('f5704452-d113-49ff-a656-fa7686492ff7','54a853ce-d4a5-47f9-8300-6cf2cd436888','31c007e6-c249-4729-907d-2ee477d1c7c9','Blandas, Idiomas, Técnicas, Gestión','2025-03-16'),('f5b5d827-d08e-484a-ab9d-62b0ba74e8c6','316ea863-2416-4087-addf-6884881f0c22','299dc48a-437a-4da2-aca1-2db4905150ed','Idiomas, Blandas, Gestión, Técnicas','2025-02-22'),('f5bb683d-0710-4983-9773-c8c747d7ad9c','b149b625-c3e4-458c-b9b4-568b7cd72918','63fc196e-f26c-4cf1-82af-976b1c29af5f','Nobis natus quaerat praesentium in ipsum eius sit quis cum in eius dolor quis aut fugit facere exercitationem eaque aliquam itaque.','2025-03-12'),('f665861c-3792-4535-929c-3cc8e6f1bae7','e90c9e44-2183-47b4-83ab-5274948994fe','ab814ce1-6b5c-4703-ae8c-be88a869591d','Blandas, Gestión, Idiomas, Técnicas','2025-03-06'),('f6787cff-fb26-4ffd-bcc4-cf3f03bf176d','8d85d7dc-a78c-4949-9243-fd1b17328f44','fb238614-15db-4b50-8c75-d8c5253f1232','2','2025-02-18'),('f75b5bff-e68c-4756-845e-63b3390c99bd','006c0c45-b005-4cc7-9f1a-1a28328c8c59','dabef1f6-aecb-4f2a-a02d-882fb720dd03','Gestión, Técnicas, Idiomas','2025-03-10'),('f79265a8-e097-4778-8d50-17751ddc5b77','c20e37a2-2f97-4a72-b14e-d57713556e81','16d327f8-69e3-4ea2-b844-67acd427d5b2','Técnicas','2025-03-06'),('fa98a53f-d46c-4eab-bc6a-d1ac8f780562','4bfd14c0-3fec-4385-a23f-04f8711811f1','c449073a-fde0-4d59-b224-93c128983a8d','2','2025-03-16'),('fd5267f9-5e0c-4caf-8f86-f061c08c9a23','9941f2f5-0eb0-44e4-8a2b-1b876e2fa51b','16469a9e-f192-428b-be9d-0ad01f8b0a66','4','2025-02-20'),('fd9bc890-c574-4ac9-82d0-cd609bd6d404','54a853ce-d4a5-47f9-8300-6cf2cd436888','15d5c188-0ca4-48ee-9482-962be42b0345','Técnicas, Idiomas, Gestión','2025-03-10'),('fdfce761-d54d-4183-b882-551cd57815ae','54a853ce-d4a5-47f9-8300-6cf2cd436888','9368b61c-71ed-4e78-9b5b-01169cbbba96','Idiomas','2025-03-15'),('febbda87-4c4b-4011-9e51-5f6a447a5338','080bab45-5f65-4163-b0e2-e8fbcb745202','4cf73744-148f-4ee0-9230-506ed9f4cb23','Ipsam similique mollitia amet voluptatum saepe voluptas unde.','2025-03-16'),('fffcc074-a821-4e33-901c-8fff273361e5','b149b625-c3e4-458c-b9b4-568b7cd72918','95e0499e-5c94-48d2-a76d-473c8a942db8','Deleniti pariatur fugit quibusdam cupiditate necessitatibus.','2025-03-08');
/*!40000 ALTER TABLE `respuestas_encuestas` ENABLE KEYS */;
UNLOCK TABLES;

--
-- Table structure for table `roles`
--

DROP TABLE IF EXISTS `roles`;
/*!40101 SET @saved_cs_client     = @@character_set_client */;
/*!50503 SET character_set_client = utf8mb4 */;
CREATE TABLE `roles` (
  `id` bigint NOT NULL AUTO_INCREMENT,
  `nombre` varchar(255) COLLATE utf8mb4_general_ci NOT NULL,
  PRIMARY KEY (`id`),
  UNIQUE KEY `UK_ldv0v52e0udsh2h1rs0r0gw1n` (`nombre`)
) ENGINE=InnoDB AUTO_INCREMENT=895 DEFAULT CHARSET=utf8mb4 COLLATE=utf8mb4_general_ci;
/*!40101 SET character_set_client = @saved_cs_client */;

--
-- Dumping data for table `roles`
--

LOCK TABLES `roles` WRITE;
/*!40000 ALTER TABLE `roles` DISABLE KEYS */;
INSERT INTO `roles` VALUES (1,'ROLE_ADMIN'),(2,'ROLE_EGRESADO');
/*!40000 ALTER TABLE `roles` ENABLE KEYS */;
UNLOCK TABLES;

--
-- Table structure for table `usuario_roles`
--

DROP TABLE IF EXISTS `usuario_roles`;
/*!40101 SET @saved_cs_client     = @@character_set_client */;
/*!50503 SET character_set_client = utf8mb4 */;
CREATE TABLE `usuario_roles` (
  `usuario_id` varchar(255) COLLATE utf8mb4_general_ci NOT NULL,
  `rol_id` bigint NOT NULL,
  PRIMARY KEY (`usuario_id`,`rol_id`),
  KEY `FKbt9i9yrb9ug88xnh82n9m60pr` (`rol_id`),
  CONSTRAINT `FKbt9i9yrb9ug88xnh82n9m60pr` FOREIGN KEY (`rol_id`) REFERENCES `roles` (`id`),
  CONSTRAINT `FKuu9tea04xb29m2km5lwe46ua` FOREIGN KEY (`usuario_id`) REFERENCES `usuarios` (`id`)
) ENGINE=InnoDB DEFAULT CHARSET=utf8mb4 COLLATE=utf8mb4_general_ci;
/*!40101 SET character_set_client = @saved_cs_client */;

--
-- Dumping data for table `usuario_roles`
--

LOCK TABLES `usuario_roles` WRITE;
/*!40000 ALTER TABLE `usuario_roles` DISABLE KEYS */;
INSERT INTO `usuario_roles` VALUES ('0322ae7e-bbe0-4be2-a1eb-00b59b25d7b4',1),('admin-id-1',1),('038b2684-757e-4c28-a966-355b338c36a2',2),('040aae1c-fc82-4981-bb50-623aa97759fa',2),('08a30794-5560-4409-9700-b78835bf2216',2),('0b9bc4cb-fa49-4eb8-8613-bf3926d08a82',2),('0bdd98d0-99bb-4c16-ad8a-68fa1ccfd40f',2),('25d6ca80-73a8-4dca-9be7-960c88d3266e',2),('2b5f7b84-4473-4239-9908-9688c271da69',2),('309628c6-d410-49b7-a370-4feddb08045d',2),('32d51489-0ccf-4e69-a4de-f25c6cbb4ad2',2),('4020cca4-789c-4ad3-b46d-7aa03e212fc5',2),('475dcf50-af68-4e66-a625-1577fb3c3d58',2),('4ba43f99-6f2b-41c5-812d-1e2cec6366d4',2),('4fc3e453-27c7-4d4d-917c-aef6af0f1c9d',2),('68849123-e1ff-4b0f-9cf7-cd6b2097712c',2),('6f2f87b5-f0a7-487e-b302-a791373ee0d4',2),('6fa8b19d-6721-432a-9a80-d3bba0af248c',2),('7020cbaf-5b50-440e-ac88-980819445a93',2),('73171f75-e45c-454a-943e-f0b5a885e955',2),('7c550acb-dd81-42d5-a0ef-c00108232ef8',2),('802208f2-ba26-42e3-a4bc-0a9625a31657',2),('81255ec8-0740-4a61-83aa-93fbb2ab818b',2),('81850a29-23e1-4bfe-a5ad-ba0910b87284',2),('8762a672-2e1c-48fe-8934-4b1c2d492315',2),('979447e2-a6df-4761-96f7-39f6b7a056bd',2),('97abf47f-72e4-48f7-b0db-44216a458b03',2),('a49e987c-6aca-4632-9ead-15d31c7fb715',2),('ac37f941-e742-44fc-9ff7-d65d99b8988e',2),('afb75e27-4782-459c-8468-ce62f4290096',2),('b04c472c-a11c-481e-a7a2-24ad2887cb48',2),('b6bfa0b2-f5a9-48e4-aa95-5458fce0d7a3',2),('badcddea-1ae0-41a4-a046-5dc2ee2fe12b',2),('bc93a82f-9088-481b-8a1f-0bb68aa8fd16',2),('be6fb5ac-901d-4136-814a-3ad870c4e2fd',2),('bfbb1a0c-58c5-4956-9cff-f03b4d29848e',2),('c5e109e6-c226-48c4-a615-dbffcb3f5a43',2),('d0f5d216-d4ec-4411-8bdf-ba702d690133',2),('d3a3dc92-d3c5-4482-a549-9a676f70ed89',2),('d5b4b688-f9d7-4757-a0a7-4e0a9f5d24f9',2),('e0c3180f-067e-4cda-9717-9fe787c5fe7c',2),('e142a1f7-0290-45c5-88da-e05e4ac47a89',2),('e530a50b-3f4c-4b2f-acb2-11ea93653361',2),('e7b654a0-344a-42dc-a913-a92d450c9661',2),('ebc4b6ed-d307-4d3d-abfe-f211089361d8',2),('f3f5bd99-cc82-4162-ba77-b49ed56d30ef',2),('f7e4fdbd-c851-4080-b8ac-9006b442268f',2),('f97dbbd5-1b58-4c07-ab17-64b8fdaa53ae',2),('fee5537b-e808-4061-95a7-94d4804152df',2),('ff3d356c-d217-4b3d-95ff-7bb95b5fce86',2);
/*!40000 ALTER TABLE `usuario_roles` ENABLE KEYS */;
UNLOCK TABLES;

--
-- Table structure for table `usuarios`
--

DROP TABLE IF EXISTS `usuarios`;
/*!40101 SET @saved_cs_client     = @@character_set_client */;
/*!50503 SET character_set_client = utf8mb4 */;
CREATE TABLE `usuarios` (
  `id` varchar(36) COLLATE utf8mb4_general_ci NOT NULL,
  `username` varchar(50) COLLATE utf8mb4_general_ci NOT NULL,
  `email` varchar(100) COLLATE utf8mb4_general_ci NOT NULL,
  `password` varchar(100) COLLATE utf8mb4_general_ci NOT NULL,
  `role` varchar(20) COLLATE utf8mb4_general_ci NOT NULL,
  `enabled` tinyint(1) DEFAULT '1',
  `verified` tinyint(1) DEFAULT '0',
  `created_at` datetime(6) DEFAULT NULL,
  `last_login` datetime(6) DEFAULT NULL,
  `id_egresado` varchar(36) COLLATE utf8mb4_general_ci DEFAULT NULL,
  `activado2fa` bit(1) NOT NULL,
  `secreto2fa` varchar(255) COLLATE utf8mb4_general_ci DEFAULT NULL,
  `codigo_institucional` varchar(255) COLLATE utf8mb4_general_ci DEFAULT NULL,
  `updated_at` datetime(6) DEFAULT NULL,
  PRIMARY KEY (`id`),
  UNIQUE KEY `username` (`username`),
  UNIQUE KEY `email` (`email`),
  KEY `id_egresado` (`id_egresado`),
  CONSTRAINT `usuarios_ibfk_1` FOREIGN KEY (`id_egresado`) REFERENCES `egresados` (`id`)
) ENGINE=InnoDB DEFAULT CHARSET=utf8mb4 COLLATE=utf8mb4_general_ci;
/*!40101 SET character_set_client = @saved_cs_client */;

--
-- Dumping data for table `usuarios`
--

LOCK TABLES `usuarios` WRITE;
/*!40000 ALTER TABLE `usuarios` DISABLE KEYS */;
INSERT INTO `usuarios` VALUES ('0322ae7e-bbe0-4be2-a1eb-00b59b25d7b4','U22261476','U22261476@utp.edu.pe','$2a$10$C7qnbtq0qVuzGjsgNT5k4eKYL6be.oGA4Lo2K7Kfj9u0sphE4a1c2','EGRESADO',1,1,'2024-11-16 00:00:00.000000','2025-05-07 00:00:00.000000','f72d2d91-bcef-4deb-84f8-1fc1bb6832df',_binary '\0',NULL,NULL,'2025-05-28 10:22:52.000000'),('038b2684-757e-4c28-a966-355b338c36a2','U10226701','U10226701@utp.edu.pe','$2a$10$C7qnbtq0qVuzGjsgNT5k4eKYL6be.oGA4Lo2K7Kfj9u0sphE4a1c2','EGRESADO',1,1,'2024-07-21 00:00:00.000000','2025-05-07 00:00:00.000000','81bbf792-749b-4351-a8b7-721f908bddf7',_binary '\0',NULL,NULL,NULL),('040aae1c-fc82-4981-bb50-623aa97759fa','U15287174','U15287174@utp.edu.pe','$2a$10$C7qnbtq0qVuzGjsgNT5k4eKYL6be.oGA4Lo2K7Kfj9u0sphE4a1c2','EGRESADO',1,1,'2024-08-24 00:00:00.000000','2025-05-07 00:00:00.000000','95e0499e-5c94-48d2-a76d-473c8a942db8',_binary '\0',NULL,NULL,NULL),('08a30794-5560-4409-9700-b78835bf2216','U12254350','U12254350@utp.edu.pe','$2a$10$C7qnbtq0qVuzGjsgNT5k4eKYL6be.oGA4Lo2K7Kfj9u0sphE4a1c2','EGRESADO',0,0,'2024-07-24 00:00:00.000000','2025-05-07 00:00:00.000000','7c61f4ad-ef91-4929-a032-a3986a8d0008',_binary '','',NULL,NULL),('0b9bc4cb-fa49-4eb8-8613-bf3926d08a82','U15254902','U15254902@utp.edu.pe','$2a$10$C7qnbtq0qVuzGjsgNT5k4eKYL6be.oGA4Lo2K7Kfj9u0sphE4a1c2','EGRESADO',1,1,'2025-01-02 00:00:00.000000','2025-05-07 00:00:00.000000','03c7a515-32a6-4b76-8ec6-6b0fd633e5c9',_binary '\0',NULL,NULL,NULL),('0bdd98d0-99bb-4c16-ad8a-68fa1ccfd40f','U19253565','U19253565@utp.edu.pe','$2a$10$C7qnbtq0qVuzGjsgNT5k4eKYL6be.oGA4Lo2K7Kfj9u0sphE4a1c2','EGRESADO',1,1,'2024-07-24 00:00:00.000000',NULL,'fb238614-15db-4b50-8c75-d8c5253f1232',_binary '\0',NULL,NULL,NULL),('1b371ba6-2b58-4217-833c-3373ab262442','U2221013','U2221013@utp.edu.pe','$2a$10$6mVicIAkKcJBwwdq9ZvFYugqArcRkxgsHq2//JQcUbwDsjRavyjWy','ROLE_EGRESADO',1,0,'2025-05-28 07:34:38.000000',NULL,NULL,_binary '\0',NULL,NULL,'2025-05-28 07:34:38.000000'),('1b665b51-46e1-49ed-bd90-24ccf3380e7e','U20228938','U20228938@utp.edu.pe','$2a$10$C7qnbtq0qVuzGjsgNT5k4eKYL6be.oGA4Lo2K7Kfj9u0sphE4a1c2','EGRESADO',1,1,'2024-06-20 00:00:00.000000',NULL,'764ec05a-55b9-46ec-b6df-9b96bb624710',_binary '\0',NULL,NULL,NULL),('25d6ca80-73a8-4dca-9be7-960c88d3266e','U15276473','U15276473@utp.edu.pe','$2a$10$C7qnbtq0qVuzGjsgNT5k4eKYL6be.oGA4Lo2K7Kfj9u0sphE4a1c2','EGRESADO',1,1,'2024-11-10 00:00:00.000000',NULL,'2d17178d-1f6d-451c-ab05-a2b9c6767bff',_binary '\0',NULL,NULL,NULL),('2b5f7b84-4473-4239-9908-9688c271da69','U18270172','U18270172@utp.edu.pe','$2a$10$C7qnbtq0qVuzGjsgNT5k4eKYL6be.oGA4Lo2K7Kfj9u0sphE4a1c2','EGRESADO',1,1,'2025-02-07 00:00:00.000000','2025-05-07 00:00:00.000000','7312fd63-07d9-46c4-9c47-aa53b9adbe7a',_binary '\0',NULL,NULL,NULL),('309628c6-d410-49b7-a370-4feddb08045d','U10239084','U10239084@utp.edu.pe','$2a$10$C7qnbtq0qVuzGjsgNT5k4eKYL6be.oGA4Lo2K7Kfj9u0sphE4a1c2','EGRESADO',1,1,'2024-07-16 00:00:00.000000','2025-05-07 00:00:00.000000','96582413-895e-4628-ab29-313d510a86db',_binary '\0',NULL,NULL,NULL),('32d51489-0ccf-4e69-a4de-f25c6cbb4ad2','U22275744','U22275744@utp.edu.pe','$2a$10$C7qnbtq0qVuzGjsgNT5k4eKYL6be.oGA4Lo2K7Kfj9u0sphE4a1c2','EGRESADO',1,1,'2024-06-04 00:00:00.000000','2025-05-07 00:00:00.000000','abdfea6f-23b4-4492-ae6d-46f856bbd734',_binary '\0',NULL,NULL,NULL),('4020cca4-789c-4ad3-b46d-7aa03e212fc5','U14222499','U14222499@utp.edu.pe','$2a$10$C7qnbtq0qVuzGjsgNT5k4eKYL6be.oGA4Lo2K7Kfj9u0sphE4a1c2','EGRESADO',1,1,'2024-07-27 00:00:00.000000',NULL,'6a6acb1e-ab28-4728-8baa-27b667b0167c',_binary '\0',NULL,NULL,NULL),('475dcf50-af68-4e66-a625-1577fb3c3d58','U20284011','U20284011@utp.edu.pe','$2a$10$C7qnbtq0qVuzGjsgNT5k4eKYL6be.oGA4Lo2K7Kfj9u0sphE4a1c2','EGRESADO',1,1,'2024-07-16 00:00:00.000000','2025-05-07 00:00:00.000000','42cc9945-ba71-4e4c-ab66-2f3e1720f493',_binary '\0',NULL,NULL,NULL),('4ba43f99-6f2b-41c5-812d-1e2cec6366d4','U17253298','U17253298@utp.edu.pe','$2a$10$C7qnbtq0qVuzGjsgNT5k4eKYL6be.oGA4Lo2K7Kfj9u0sphE4a1c2','EGRESADO',1,1,'2024-06-16 00:00:00.000000','2025-05-07 00:00:00.000000','4cf73744-148f-4ee0-9230-506ed9f4cb23',_binary '\0',NULL,NULL,NULL),('4fc3e453-27c7-4d4d-917c-aef6af0f1c9d','U12243849','U12243849@utp.edu.pe','$2a$10$C7qnbtq0qVuzGjsgNT5k4eKYL6be.oGA4Lo2K7Kfj9u0sphE4a1c2','EGRESADO',1,1,'2025-02-22 00:00:00.000000','2025-05-07 00:00:00.000000','5bda2288-d5cf-4d32-9f7f-25b87c5a8841',_binary '\0',NULL,NULL,NULL),('68849123-e1ff-4b0f-9cf7-cd6b2097712c','U18215336','U18215336@utp.edu.pe','$2a$10$C7qnbtq0qVuzGjsgNT5k4eKYL6be.oGA4Lo2K7Kfj9u0sphE4a1c2','EGRESADO',1,1,'2024-06-10 00:00:00.000000','2025-05-07 00:00:00.000000','cd21ca50-6d97-4abe-83b0-e3458e5ae601',_binary '\0',NULL,NULL,NULL),('6f2f87b5-f0a7-487e-b302-a791373ee0d4','U16263172','U16263172@utp.edu.pe','$2a$10$C7qnbtq0qVuzGjsgNT5k4eKYL6be.oGA4Lo2K7Kfj9u0sphE4a1c2','EGRESADO',1,1,'2025-01-05 00:00:00.000000','2025-05-07 00:00:00.000000','888a3d8c-7ed5-4756-b9d5-0b4fa1f57540',_binary '\0',NULL,NULL,NULL),('6fa8b19d-6721-432a-9a80-d3bba0af248c','U10226307','U10226307@utp.edu.pe','$2a$10$C7qnbtq0qVuzGjsgNT5k4eKYL6be.oGA4Lo2K7Kfj9u0sphE4a1c2','EGRESADO',1,1,'2024-06-15 00:00:00.000000','2025-05-07 00:00:00.000000','004bff82-abd4-4a8d-83ab-4ad16c8a6b59',_binary '\0',NULL,NULL,NULL),('7020cbaf-5b50-440e-ac88-980819445a93','U10233795','U10233795@utp.edu.pe','$2a$10$C7qnbtq0qVuzGjsgNT5k4eKYL6be.oGA4Lo2K7Kfj9u0sphE4a1c2','EGRESADO',1,1,'2024-06-19 00:00:00.000000','2025-05-07 00:00:00.000000','16469a9e-f192-428b-be9d-0ad01f8b0a66',_binary '\0',NULL,NULL,NULL),('73171f75-e45c-454a-943e-f0b5a885e955','U13270343','U13270343@utp.edu.pe','$2a$10$C7qnbtq0qVuzGjsgNT5k4eKYL6be.oGA4Lo2K7Kfj9u0sphE4a1c2','EGRESADO',1,1,'2025-03-01 00:00:00.000000',NULL,'140cdfd3-8835-4e4a-8bf3-c47a60819f6f',_binary '\0',NULL,NULL,NULL),('7c550acb-dd81-42d5-a0ef-c00108232ef8','U17270593','U17270593@utp.edu.pe','$2a$10$C7qnbtq0qVuzGjsgNT5k4eKYL6be.oGA4Lo2K7Kfj9u0sphE4a1c2','EGRESADO',1,1,'2024-10-08 00:00:00.000000',NULL,'ac7631eb-a9c4-4c74-8570-ba6f138262e7',_binary '\0',NULL,NULL,NULL),('802208f2-ba26-42e3-a4bc-0a9625a31657','U21258571','U21258571@utp.edu.pe','$2a$10$C7qnbtq0qVuzGjsgNT5k4eKYL6be.oGA4Lo2K7Kfj9u0sphE4a1c2','EGRESADO',1,1,'2024-08-01 00:00:00.000000','2025-05-07 00:00:00.000000','299dc48a-437a-4da2-aca1-2db4905150ed',_binary '\0',NULL,NULL,NULL),('81255ec8-0740-4a61-83aa-93fbb2ab818b','U16294630','U16294630@utp.edu.pe','$2a$10$C7qnbtq0qVuzGjsgNT5k4eKYL6be.oGA4Lo2K7Kfj9u0sphE4a1c2','EGRESADO',1,1,'2025-02-22 00:00:00.000000','2025-05-07 00:00:00.000000','2e7a689f-0a39-40ce-82e6-94688511489c',_binary '\0',NULL,NULL,NULL),('81850a29-23e1-4bfe-a5ad-ba0910b87284','U14259181','U14259181@utp.edu.pe','$2a$10$C7qnbtq0qVuzGjsgNT5k4eKYL6be.oGA4Lo2K7Kfj9u0sphE4a1c2','EGRESADO',1,1,'2024-08-27 00:00:00.000000',NULL,'be98317f-d4a8-48a8-9087-220fe8854880',_binary '\0',NULL,NULL,NULL),('8762a672-2e1c-48fe-8934-4b1c2d492315','U14297945','U14297945@utp.edu.pe','$2a$10$C7qnbtq0qVuzGjsgNT5k4eKYL6be.oGA4Lo2K7Kfj9u0sphE4a1c2','EGRESADO',1,1,'2024-09-06 00:00:00.000000','2025-05-07 00:00:00.000000','593e0985-15e7-4982-af5c-a131af3a19f0',_binary '\0',NULL,NULL,NULL),('979447e2-a6df-4761-96f7-39f6b7a056bd','U19275983','U19275983@utp.edu.pe','$2a$10$C7qnbtq0qVuzGjsgNT5k4eKYL6be.oGA4Lo2K7Kfj9u0sphE4a1c2','EGRESADO',1,1,'2024-09-28 00:00:00.000000','2025-05-07 00:00:00.000000','ea05a7cb-2294-4c5f-a391-190f1a8a862d',_binary '\0',NULL,NULL,NULL),('97abf47f-72e4-48f7-b0db-44216a458b03','U18236982','U18236982@utp.edu.pe','$2a$10$C7qnbtq0qVuzGjsgNT5k4eKYL6be.oGA4Lo2K7Kfj9u0sphE4a1c2','EGRESADO',1,1,'2024-09-20 00:00:00.000000','2025-05-07 00:00:00.000000','15d5c188-0ca4-48ee-9482-962be42b0345',_binary '\0',NULL,NULL,NULL),('a49e987c-6aca-4632-9ead-15d31c7fb715','U16235855','U16235855@utp.edu.pe','$2a$10$C7qnbtq0qVuzGjsgNT5k4eKYL6be.oGA4Lo2K7Kfj9u0sphE4a1c2','EGRESADO',1,1,'2025-02-07 00:00:00.000000','2025-05-07 00:00:00.000000','001ccc25-1b8b-4112-8a81-93c4e352a39a',_binary '\0',NULL,NULL,NULL),('ac37f941-e742-44fc-9ff7-d65d99b8988e','U15213990','U15213990@utp.edu.pe','$2a$10$C7qnbtq0qVuzGjsgNT5k4eKYL6be.oGA4Lo2K7Kfj9u0sphE4a1c2','EGRESADO',1,1,'2024-09-29 00:00:00.000000','2025-05-07 00:00:00.000000','a3fb95c4-c0e9-4df7-ba7a-3d8ba7fd23ca',_binary '\0',NULL,NULL,NULL),('admin-id-1','admin','admin@utptrack.com','$2a$10$C7qnbtq0qVuzGjsgNT5k4eKYL6be.oGA4Lo2K7Kfj9u0sphE4a1c2','ADMIN',1,1,'2023-01-01 00:00:00.000000',NULL,NULL,_binary '\0',NULL,'U22210133',NULL),('afb75e27-4782-459c-8468-ce62f4290096','U16238318','U16238318@utp.edu.pe','$2a$10$C7qnbtq0qVuzGjsgNT5k4eKYL6be.oGA4Lo2K7Kfj9u0sphE4a1c2','EGRESADO',1,1,'2024-05-23 00:00:00.000000','2025-05-07 00:00:00.000000','c449073a-fde0-4d59-b224-93c128983a8d',_binary '\0',NULL,NULL,NULL),('b04c472c-a11c-481e-a7a2-24ad2887cb48','U10275006','U10275006@utp.edu.pe','$2a$10$C7qnbtq0qVuzGjsgNT5k4eKYL6be.oGA4Lo2K7Kfj9u0sphE4a1c2','EGRESADO',1,1,'2024-06-11 00:00:00.000000','2025-05-07 00:00:00.000000','63fc196e-f26c-4cf1-82af-976b1c29af5f',_binary '\0',NULL,NULL,NULL),('b6bfa0b2-f5a9-48e4-aa95-5458fce0d7a3','U20255860','U20255860@utp.edu.pe','$2a$10$C7qnbtq0qVuzGjsgNT5k4eKYL6be.oGA4Lo2K7Kfj9u0sphE4a1c2','EGRESADO',1,1,'2024-05-24 00:00:00.000000',NULL,'dabef1f6-aecb-4f2a-a02d-882fb720dd03',_binary '\0',NULL,NULL,NULL),('badcddea-1ae0-41a4-a046-5dc2ee2fe12b','U22277983','U22277983@utp.edu.pe','$2a$10$C7qnbtq0qVuzGjsgNT5k4eKYL6be.oGA4Lo2K7Kfj9u0sphE4a1c2','EGRESADO',1,1,'2024-08-20 00:00:00.000000',NULL,'d44b41fd-eed9-4e55-b451-cddd43566825',_binary '\0',NULL,NULL,NULL),('bc93a82f-9088-481b-8a1f-0bb68aa8fd16','U11248472','U11248472@utp.edu.pe','$2a$10$C7qnbtq0qVuzGjsgNT5k4eKYL6be.oGA4Lo2K7Kfj9u0sphE4a1c2','EGRESADO',1,1,'2024-10-11 00:00:00.000000',NULL,'652b6b58-930b-46b9-809a-c62bdff6537c',_binary '\0',NULL,NULL,NULL),('be6fb5ac-901d-4136-814a-3ad870c4e2fd','U12268227','U12268227@utp.edu.pe','$2a$10$C7qnbtq0qVuzGjsgNT5k4eKYL6be.oGA4Lo2K7Kfj9u0sphE4a1c2','EGRESADO',1,1,'2024-08-14 00:00:00.000000','2025-05-07 00:00:00.000000','91c3591b-680a-462c-8ca1-8ef0b5874272',_binary '\0',NULL,NULL,NULL),('bfbb1a0c-58c5-4956-9cff-f03b4d29848e','U14238596','U14238596@utp.edu.pe','$2a$10$C7qnbtq0qVuzGjsgNT5k4eKYL6be.oGA4Lo2K7Kfj9u0sphE4a1c2','EGRESADO',1,1,'2025-02-09 00:00:00.000000','2025-05-07 00:00:00.000000','599822d0-17bd-403e-896a-2dea7fc5bc44',_binary '\0',NULL,NULL,NULL),('c5e109e6-c226-48c4-a615-dbffcb3f5a43','U16212704','U16212704@utp.edu.pe','$2a$10$C7qnbtq0qVuzGjsgNT5k4eKYL6be.oGA4Lo2K7Kfj9u0sphE4a1c2','EGRESADO',1,1,'2024-08-25 00:00:00.000000',NULL,'4d9d21d7-2807-4576-9428-4d7e5b59591c',_binary '\0',NULL,NULL,NULL),('d0f5d216-d4ec-4411-8bdf-ba702d690133','U20275899','U20275899@utp.edu.pe','$2a$10$C7qnbtq0qVuzGjsgNT5k4eKYL6be.oGA4Lo2K7Kfj9u0sphE4a1c2','EGRESADO',1,1,'2025-02-16 00:00:00.000000',NULL,'04c9e750-dd32-428a-9168-f88cb9cf5f91',_binary '\0',NULL,NULL,NULL),('d3a3dc92-d3c5-4482-a549-9a676f70ed89','U19293953','U19293953@utp.edu.pe','$2a$10$C7qnbtq0qVuzGjsgNT5k4eKYL6be.oGA4Lo2K7Kfj9u0sphE4a1c2','EGRESADO',1,1,'2024-08-03 00:00:00.000000','2025-05-07 00:00:00.000000','f9892ee4-8220-4945-8527-d94b08029c51',_binary '','OMSHXNE2HLXVTAHYM34PYWDHMUBE2MWI',NULL,'2025-05-28 10:21:25.000000'),('d5b4b688-f9d7-4757-a0a7-4e0a9f5d24f9','U17288022','U17288022@utp.edu.pe','$2a$10$C7qnbtq0qVuzGjsgNT5k4eKYL6be.oGA4Lo2K7Kfj9u0sphE4a1c2','EGRESADO',1,1,'2024-05-23 00:00:00.000000','2025-05-07 00:00:00.000000','5cff3a4d-6540-45fa-8aec-9d0d476f214d',_binary '\0',NULL,NULL,NULL),('e0c3180f-067e-4cda-9717-9fe787c5fe7c','U15285061','U15285061@utp.edu.pe','$2a$10$C7qnbtq0qVuzGjsgNT5k4eKYL6be.oGA4Lo2K7Kfj9u0sphE4a1c2','EGRESADO',1,1,'2024-10-27 00:00:00.000000','2025-05-07 00:00:00.000000','ab814ce1-6b5c-4703-ae8c-be88a869591d',_binary '\0',NULL,NULL,NULL),('e142a1f7-0290-45c5-88da-e05e4ac47a89','U13277607','U13277607@utp.edu.pe','$2a$10$C7qnbtq0qVuzGjsgNT5k4eKYL6be.oGA4Lo2K7Kfj9u0sphE4a1c2','EGRESADO',1,1,'2024-11-20 00:00:00.000000','2025-05-07 00:00:00.000000','c24cee00-ddd6-4acf-8a6a-41301e13332c',_binary '\0',NULL,NULL,NULL),('e530a50b-3f4c-4b2f-acb2-11ea93653361','U10228978','U10228978@utp.edu.pe','$2a$10$C7qnbtq0qVuzGjsgNT5k4eKYL6be.oGA4Lo2K7Kfj9u0sphE4a1c2','EGRESADO',1,1,'2024-11-18 00:00:00.000000','2025-05-07 00:00:00.000000','31c007e6-c249-4729-907d-2ee477d1c7c9',_binary '\0',NULL,NULL,NULL),('e7b654a0-344a-42dc-a913-a92d450c9661','U17229849','U17229849@utp.edu.pe','$2a$10$C7qnbtq0qVuzGjsgNT5k4eKYL6be.oGA4Lo2K7Kfj9u0sphE4a1c2','EGRESADO',1,1,'2024-09-15 00:00:00.000000','2025-05-07 00:00:00.000000','488147e6-e9ca-47a0-8a8b-477f82f7974c',_binary '\0',NULL,NULL,NULL),('ebc4b6ed-d307-4d3d-abfe-f211089361d8','U15280677','U15280677@utp.edu.pe','$2a$10$C7qnbtq0qVuzGjsgNT5k4eKYL6be.oGA4Lo2K7Kfj9u0sphE4a1c2','EGRESADO',1,1,'2024-06-18 00:00:00.000000','2025-05-07 00:00:00.000000','9368b61c-71ed-4e78-9b5b-01169cbbba96',_binary '\0',NULL,NULL,NULL),('f3f5bd99-cc82-4162-ba77-b49ed56d30ef','U13242429','U13242429@utp.edu.pe','$2a$10$C7qnbtq0qVuzGjsgNT5k4eKYL6be.oGA4Lo2K7Kfj9u0sphE4a1c2','EGRESADO',1,1,'2024-08-04 00:00:00.000000','2025-05-07 00:00:00.000000','16d327f8-69e3-4ea2-b844-67acd427d5b2',_binary '\0',NULL,NULL,NULL),('f7e4fdbd-c851-4080-b8ac-9006b442268f','U19240632','U19240632@utp.edu.pe','$2a$10$C7qnbtq0qVuzGjsgNT5k4eKYL6be.oGA4Lo2K7Kfj9u0sphE4a1c2','EGRESADO',1,1,'2025-02-16 00:00:00.000000',NULL,'b554dabe-0203-4f08-ad27-74805d7bdd42',_binary '\0',NULL,NULL,NULL),('f97dbbd5-1b58-4c07-ab17-64b8fdaa53ae','U16275698','U16275698@utp.edu.pe','$2a$10$C7qnbtq0qVuzGjsgNT5k4eKYL6be.oGA4Lo2K7Kfj9u0sphE4a1c2','EGRESADO',1,1,'2024-08-29 00:00:00.000000','2025-05-07 00:00:00.000000','24b4b414-0146-4bde-b753-18631c5ba77e',_binary '\0',NULL,NULL,NULL),('fee5537b-e808-4061-95a7-94d4804152df','U10247252','U10247252@utp.edu.pe','$2a$10$C7qnbtq0qVuzGjsgNT5k4eKYL6be.oGA4Lo2K7Kfj9u0sphE4a1c2','EGRESADO',1,1,'2024-06-10 00:00:00.000000',NULL,'3bdd4ff2-5d49-4672-bf8a-d06ce03cbfe5',_binary '\0',NULL,NULL,NULL),('ff3d356c-d217-4b3d-95ff-7bb95b5fce86','U15269943','U15269943@utp.edu.pe','$2a$10$C7qnbtq0qVuzGjsgNT5k4eKYL6be.oGA4Lo2K7Kfj9u0sphE4a1c2','EGRESADO',1,1,'2025-01-19 00:00:00.000000','2025-05-07 00:00:00.000000','fb4e627e-1be3-44bf-ad22-4924723289c6',_binary '\0',NULL,NULL,NULL);
/*!40000 ALTER TABLE `usuarios` ENABLE KEYS */;
UNLOCK TABLES;
/*!40103 SET TIME_ZONE=@OLD_TIME_ZONE */;

/*!40101 SET SQL_MODE=@OLD_SQL_MODE */;
/*!40014 SET FOREIGN_KEY_CHECKS=@OLD_FOREIGN_KEY_CHECKS */;
/*!40014 SET UNIQUE_CHECKS=@OLD_UNIQUE_CHECKS */;
/*!40101 SET CHARACTER_SET_CLIENT=@OLD_CHARACTER_SET_CLIENT */;
/*!40101 SET CHARACTER_SET_RESULTS=@OLD_CHARACTER_SET_RESULTS */;
/*!40101 SET COLLATION_CONNECTION=@OLD_COLLATION_CONNECTION */;
/*!40111 SET SQL_NOTES=@OLD_SQL_NOTES */;

-- Dump completed on 2025-06-28 21:58:53
